movie,sentence,score
탑건: 매버릭,우와 위플래쉬 배우였다니 미친. 4D로 처음봤는대 보청기 날아갈 뻔진짜 재밌었고 중간에 울컥했음. 이렇게 좋은 문화생활을 할수 있다는게 갑자기 울컥하면서 행복했음. 행복 별거 아니구나,10
봄날,OO은 아버지 밑에 애들이 불쌍합니다 미화핮마세요,10
마녀(魔女) Part2. The Other One,주인공들이 너무 전지전능해진거같아 가히 신급이야 암튼 재밌게 봤네요 이런류 좋아하거든,9
매드맥스: 분노의 도로,미래????NOW!!!!,10
탑건: 매버릭,진짜 여운이 오래 남는다. 최근 몇년중에 가장 재미있게 봤다.,10
우리 의사 선생님,당뇨를 감기처럼 여기는 의사보다 이노같은 의사가 우리에게 필요할지도...,8
씨 비스트,어른이 봐도 재밌어요,10
굿 윌 헌팅,10점보다 높은 11점 드립니다.,1
헤어질 결심,모레가 파도에 휩쓸려 붕괴되듯,10
탑건: 매버릭,인생영화뭐하나 빠지는게 없는 영화..,10
탑건: 매버릭,단 한마디로 정리 가능하다. 미쳤다.,10
빅샤크4 : 바다공룡 대모험,너무 수준 낮은 영화. 이 영화를 재밌다고 하는 사람은 알바거나 본인 수준이 낮다는걸 스스로 인정하는 꼴,1
탑건: 매버릭,최고 말이 필요없음~탐크루즈 멋잇어요,10
탑건: 매버릭,2번 봤는데 2번 봐도 재밌습니다,10
더 킬러: 죽어도 되는 아이,"장혁배우, 명량소녀성공기 때부터 좋아했었는데 영화로 액션연출한거 보니까 정말 대단하신것같아요 얼마나 피나는 노력과 고생을 했을지.. 액션감동이에용 >_< 영화 잘봤어요 감사해요^^",10
헤어질 결심,불륜이 팬시하게 다뤄지는 것은 마음에 들지 않았지만 그 경솔함조차 사랑의 한 속성이라는 생각이 들었다,8
마녀(魔女) Part2. The Other One,액션만 볼만함 10점은 박훈정이라 줌,10
메모리,"""난 오랫동안 나쁜 놈이었소. 하지만 그놈들은 벌을 받아야 하오.""에서 알 수 있는 리암 니슨의 안티히어로적 모습이 압권이었음. 자신이 킬러임을 잊이 않으면서도 정의를 찾아가는 것이 이제까지의 리암 니슨 영화에서는 볼 수 없었던 모습이어서  좋았던 영화!",10
토르: 러브 앤 썬더,그냥 기대안하고 보면 볼만한 오락영화,8
메모리,"가이 피어스의 FBI 요원 연기가 특출난 영화! 특히 ""수사를 접는다고 없어지진 않아요""에서 알 수 있는 그의 투철한 직업의식이 뛰어났음.",10
탑건: 매버릭,너무 재밌었어요 정말 영화관에서 잘 본 것 같아요,10
탑건: 매버릭,영화보는 동안 뜨거운 눈문 4번흘렸습니다..존경합니다 탑건 매버릭다시보고싶은 명작에가까운 영화!!,8
명탐정 코난: 할로윈의 신부,지금까지 역대급 극장판이네요!!,10
탑건: 매버릭,요근래 몇년간 영화관에서 본 영화중에 제일 재밌었음10점 잘안주는데 이건 10점도 모자라다,10
탑건: 매버릭,최고 시원한 영화 !!! 손땀나는영화 !!톰크루즈 최고고 재밌게봤어요 감동도ㅠㅠㅠ탑건1있는지도 모르고 봤는데 잼씀 꼭봐야함,10
프랙처드,아빠놈이 처음 시작 운전부터 개노답이네. 하는 짓마다 개답답 노답이고...어휴,3
립반윙클의 신부,쿠로키 하루의 리즈 시절 ^^,10
탑건: 매버릭,감동& 슬픈영화  눈물이 주르륵,10
마녀(魔女) Part2. The Other One,"하도 평점이 낮아서 기대없이 봤는데,  꽤 볼만했음.  이렇게 벌려놓은 스토리를 어떻게 마무리할런지 3편 내용도 궁금해짐.",9
토르: 러브 앤 썬더,주변에서 평이 너무 안 좋아서 일찌감치 기대치 최대로 낮추고 보러 갔다 옴. 그냥 저냥 실실한 유머 좀 있고 개인적으로는 킬링 타임으로는 적당했다고 봤어요! 마이티 토르가 너무 뜬금없이 나와서 급 퇴장한 감이 없지 않아 있지만 뭐 역대급 쓰레기 망작 소리를 들을 정도의 영화는 절대 아니라고 봅니다.,7
탑건: 매버릭,최고의 영화였기에 후회가 없습니다.,10
탑건: 매버릭,"탑건이 탑건했고, 톰 크루즈는 역시나 잘생겼다.",10
탑건: 매버릭,"간만에 영화 정말 재미있게 본거 같아요4D로 봐서 그런지 더 스펙터클하고 너무 감동이라 영화 끝에는 눈물까지 흘렸습니다탐 크루즈 세월은 흘렀지만 여전히 너무 멋있더군요. 재미, 교훈, 감동 만점! ""이것이 영화다""",10
레지던트 이블: 라쿤시티,솔찍히 괜찮았는데 최고의 상남자 레온을 개OO으로 만들어놨네 ㅋㅋㅋ,8
씨 비스트,주인공의 칼이 무기가 아니라 누군가를 살리는 도구로 사용했다는 점이 인상적,7
토르: 러브 앤 썬더,"솔직히 처음에는 별로 재미없다고 느꼈는데, 뒤로 가면 갈수록 재미있어요처음 마이티 토르 나왔을 때, 너무 억지스럽지 않나 .... 싶었는데그냥 이해하고 받아드리면서 보니까 나중에 다 끝날 때 즈음 눈가에 눈물... 주륵...",9
토르: 러브 앤 썬더,역시 액션은 말할 필요 없고 영상미가 좋아요,8
탑건: 매버릭,극장가서 보면 안다최고~♡,10
사랑에 대한 모든 것,평점이 너무 낮네ㅜ 에디레드메인 최고,10
탑건: 매버릭,탑건 5번 봤습니다.. 무조건 영화관 가서 보시길.. 더 보고 싶어ㅠㅠ 스크린X 강추요,10
토르: 러브 앤 썬더,토르의 험난한 인생을 즐겁게 너무 잘표현한거같습니다! 감동감동,10
버즈 라이트이어,오랜만에 느껴보는 동심의 세계! 너무 재밌게 봤습니다,10
탑건: 매버릭,네이버 평점 처음해봅니다.. 10점 만점.... 눈물콱 처음으로 영화관 에서 2번 본영화,10
탑건: 매버릭,재밌게봤어요 모든게 다 완벽했던 영화,10
탑건: 매버릭,조온나 재미있었음 만점!!,10
헤어질 결심,어른들의 멜로라는 타이틀이 참 잘 어울리네요.,10
더 킬러: 죽어도 되는 아이,감독의 의도는 뭐였을까? 차라리 코믹으로 가지.. 그나저나 대길이톤에서 못벗어나네 진짜ㅠㅠ,2
마녀(魔女) Part2. The Other One,너무기대했나봐요 신랑보고 그만보자고 말이 목구멍까지 왔는데 신랑 자길래 걍 냅뒀어요.. 3편을 위해 만든 영화같았고 내용도 탄탄하지않고 필요없는 장면들이 긴편이고 더 살려주고 길었으면하는 장면들은 엄청 빠르고 속전속결로 느껴졌습니다 영화보고 이게 뭐야 라는 느낌은 오랜만에 받았네요,4
토르: 러브 앤 썬더,전작부터 좀 전개가 이상해진다 싶었는데.. 참 아재 개그같지도 않은 유머 코드에 흐름도 다 끊기고.. 실망입니다,2
문폴,진심 더럽게 재미 없네. 음모론도 어의가 없네요. 달이 인공구조물이라구요? 차라리 달나라에 토끼가 산다고 해라. 갑자기 외계생명체가 왜 나와요? 시간 아깝다. 이런 영화를 보고 있는 내가 한심하다...,1
더 킬러: 죽어도 되는 아이,스트레스가 풀리는 액션씬 권선징악의 끝판왕입니다,10
지구 최후의 밤,탕웨이를 보러갔는데…,6
헤어질 결심,"2시간 20분간 완전히 몰입해서 봤어요. 액션/코미디 장르가 아닌데도 전혀 지루하거나 길게 느껴지지 않았습니다. 올해 손 꼽을 수 있는 인생 영화를 만난 것 같습니다, 마침내.",10
엘비스,재미 없습니다. 진심입니다. 영화 다 못보고 나온거 오랫만이예요.. 연기말고는 정말 볼것 없음. 보헤미안랩소디 생각하고 보면 안됩니다.,4
그레이 맨,주구장창 부수고 터지는데 빈도가 너무 잦아서 그런가 뒤로갈수록 지루하다는 생각이듬...,6
씨 비스트,스토리는 그렇다쳐도 그래픽 미쳤네,6
엘비스,영화 좋은데 관객이 적은게 너무 안타깝다 단순한 음악영화가 아니다문화가 가지는 상징성과 정체성을 영화는 이야기 하고 있다 최고의 영화다,10
마녀(魔女) Part2. The Other One,3편을 위한 졸작이라 칭하겠습니다.. 마지막 다미누나 작품위해서 1편때처럼만 살빼주시면.. 어떨까 싶네요.. 액션식은 속도감은 있어서 좋았는데.내용은 머 으휴..,4
탑건: 매버릭,영화 잘 안보는데 너무 재미있게 봤어요,10
인형사,옛날에 갖고 놀던 인형 생각나서 무서웠음 근데 혜미가 좀 답답했다,8
토르: 러브 앤 썬더,이제야 봤네요 넘 재밌었어요 ㅋㅋㅋ마블은 언제나♥,10
토르: 러브 앤 썬더,타이카 와이티티 감독의 재기발랄함이 너무 선명히 돋보여서 오히려 호불호를 가져왔다.,8
마녀(魔女) Part2. The Other One,음 뭔가 파트2는 파트3을 위한 예고편 느낌이랄까 1편을 너무 재미있게봐서 기대를 많이 해서 그런가 생각보다는 그렇게 재미있지는 않네요 그래도 파트3 기대합니다,7
토르: 러브 앤 썬더,"마블 팬으로서 가볍게 즐기기에 괜찮았고, B급 감성 코미디도 개인적으로 취향이었습니다. 역시 명배우 답게 마이티 토르나 고르를 연기한 배우들도 순간적인 연기력이 뛰어났기에, 마냥 영화가 가볍게 느껴지지만은 않았습니다. 주변에서 스토리가 유치하고 기대 이하라는 평이 많았지만, 영화관에서 관람한 것을 후회하진 않습니다.",7
토르: 러브 앤 썬더,유쾌한 걸 기대했는데 유치한 거 말고,7
레지던트 이블: 라쿤시티,그만 좀 우려먹어라...그러니 이리 졸작이 나오지,4
헤어질 결심,서래가 깊은 바다에 ‘해준을 사랑하는 서래’를 놓고왔기때문에 코로 숨을 쉬어야하는 해준은 절대 서래를 잡을 수 없을것이다,10
토르: 러브 앤 썬더,크리스찬 베일 너무 무서웠어요,10
룸 쉐어링,브로커보다 훨씬 재밌다  감독 배우만 유명하면 뭐하냐,10
로스트 도터,있어도 고생이고 없어도 고생인 가족. 부모. 자식.,7
탑건: 매버릭,심장을 뜨겁게 만드는 영화,10
헤어질 결심,처음부터 끝까지 긴장감을 갖고 이들의 사랑도 느낄수 있는 영화였다. 단순 식상한 멜로 영화가 아니었고 많은 생각을 남기는 영화였다.,10
엘비스,요상스레 다리를 떨며 느끼하게 노래하는 옛날 가수라고 생각했던 내 자신이 부끄러워졌다.그의 음악과 팬들에 대한 사랑에 가슴이 저렸다.마지막 콘서트에서 힘겹지만 열정적으로 언체인드 멜로디를 노래할때는 나도 같이 울었다.,8
탑건: 매버릭,정말 올해의 영화입니다,10
더 킬러: 죽어도 되는 아이,아주 잼있는데 상영관이 왜캐 작아요?우리나란 밀어주기 개봉을 해주는건가... 평점이 이래 높은데 개봉관이 작네,10
탑건: 매버릭,OST 까지 다 완벽해 100번 더 볼 예정,10
탑건: 매버릭,최고의 영화입니다!!,10
토르: 러브 앤 썬더,스포없이 보면 잼있음 악역 연기 짱,9
헤어질 결심,"지나치게 캐릭터색깔만 강하고, 감동이 없는 스토리 ... 그냥 뭐라고 설명하기 힘든데.. 어렵지 않은 영화인데 리뷰찾아보면 해설이 더 어렵게 나와있어서 ㅎㅎ 보고나서 그냥 아... 딴 거 볼껄...ㅠㅠ 다소 과장되게 포장된 메세지를 가진 영화같다는 느낌이 든다. 갠적으로 재미없음.ㅠㅠ",6
토르: 러브 앤 썬더,스포없이 보면 잼있음 악역 연기 짱,9
탑건: 매버릭,옛생각도 나고 울컥하네 탐형은 역시,10
토르: 러브 앤 썬더,평이 너무 안좋길래 기대없이 갔는데 생각보단 볼만함,6
토르: 러브 앤 썬더,평이 너무 안좋길래 기대없이 갔는데 생각보단 볼만함,6
헤어질 결심,뻔한말이지만 역시 박찬욱 명불허전입니다. 오랜만에 여운이 남는 계속 생각나는 영화였어요. 탕웨이의 고혹적인 매력과 연기에 푹 빠져봤어요. 서래는 과연 어찌 됐을까요..,10
씽2게더,별을 다섯개밖에 누를 수 없다는게 아쉽네요ㅠ시간 가는줄 모르고 재미있게 봤습니다! 그 정도로 후회 없는 영화ㅠ 3 존중하며 버틸게요ㅠㅠ,10
국제시장,"지나치게 평면적인 대사와 연출, 감동을 강요하는 구슬픈 신파 마니아 윤.재.균",5
마녀(魔女) Part2. The Other One,"3편 떡밥 2편. 헌데, 1편 언니한테 까불면 목아지 날아간다던 대사는 자윤이 신시아한테 한거임? 1편 자윤의 백총괄 공격으로 데미지 입었다던데, 예산문제로 날아간건지? 3편 떡밥인지? 2편 전체 스토리 설명이 아쉬움~ㅎ 1편 비교 다소 뻔해 졸라 유치할줄 알았는데, 어색하지 않았음. 2편 제작전 워너가 철수하는 바람에 스케일이 작아졌다더니, 제주도/맨 외제차/CG 추가에 그리 스케일 작은지 모르겠음~ㅎ(원래 대본에서 제작비 문제로 연구소 해외지부씬 삭제된 듯 함) 다소 어색할줄 알았던 우영우(박은빈)/서은수 외 애들 욕지거리/코믹대사 입에 착착 붙어 익숙해 보이던데 평소 욕들 좀 하나봄~ㅋ 짱개가 진구에게 준 선물로 변이된 듯해 3편 나올 듯. 1편 자윤이 초반 순진에서 초월체의 역변 캐릭터로 볼만 했는데, 1편 대박이후 익숙한 싸가지 역활들로 소모되어, 오히려 진부했음~ㅎ 마지막까지 별기대하지 않았던 전투씬 없이, 실제 성격도 싸가지라는 이종석은 1편 최우식 정도의 싸가지 연기는 볼만 했으나 대체 왜 나온거임?ㅎ 아래것들 보니 소모품 레벨이던데?ㅋ 근데, 이런식으로 레벨업되어 가다간 3편 빌런과는 마블 타노스급 핑거스냅으로 지구까지 날릴 기세?ㅋ 다소 짱개틱+마블화 되어버림~ㅎ(배우고 연기고 뭐고, 뭐라 혼자 씨부리는건지 기초발음부터 대체 뭐라는지 모르겠을 존재감 1도 없는 엄태구는 대체 왜나옴거임?ㅎ)",7
탑건: 매버릭,처음 리뷰해본다 별점 10점이 부족하다걍 봐라 무적권 봐라,10
썬데이 서울,원주율 깨지마라좀,1
탑건: 매버릭,킬링타임,9
명탐정 코난: 할로윈의 신부,처음부터 범인 유추 쌉가능... 이번 극장판 요즘 나온것중에 제일 재밌다고해서 과거의 영광을 찾은줄 알았더니 그냥 그럼 ㅋㅋ 요즘 극장판임.. 베이커가랑 세기말의 마술사 같은 스토리는 더이상 무리인가.. 경찰동기조 때문에 봤다 정말로,6
탑건: 매버릭,진촤…. 재밌어여ㅠㅠㅠㅠ,10
메멘토,관람객들을 머리아프게 갖고 노는구만,1
암살,전하고자 하는 메세지에 비해 개연성이 너무 허술하다,6
탑건: 매버릭,멋이 있는 영화1편에 못지 않은 2편,10
명탐정 코난: 할로윈의 신부,최근 코난 상영작 중 가장 스토리가 괜찮고 몰입도가 좋았던 영화,10
마녀(魔女) Part2. The Other One,초반엔 갑자기 인물들이 마구마구 튀어나와서 이게 무슨 내용인가 싶었는데 막판에 김다미나오고나서 영화끝났을때 빨리 3보고 싶어서 미치는 줄 알았어요..감독님..많이 일하시고 많이 버세요..!!!,10
명탐정 코난: 할로윈의 신부,요근래 4개 극장판보고 다시는 극장판에 돈안써야지하고 마지막으로 봤는데 드디어 극장판다운 극장판을 본거 같아요,9
탑건: 매버릭,진짜 평점 처음 쓰는데 진짜 재미있어요,10
탑건: 매버릭,웅장이 가슴해지는 영화,10
토르: 러브 앤 썬더,아쉽다.여전한 pc질.베일 형님의 연기력 낭비.시종일관 가벼운 토르.딱 6점만큼의 영화가오갤 그딴식으로 쓸꺼면 첨부터 쓰지말던가..토르 위기상황때 재등장 시켰으면 좋았을텐데.... 전체적으로 아쉬우 작품,6
변호인,정치하는 인간들에게 이런 낭만이 있겠냐만은 국가란 국민입니다,10
헤어질 결심,위대한 게츠비가 있었다면 위대한 탕웨이도 있다.,10
엘비스,"영화를 보기 이전 엘비스에 대해 많이 알지 못하였는데, 감상 후 화려함 뒤에 감춰졌던 엘비스의 인간적인 고뇌에 공감할 수 있었으며 좀 더 엘비스와 가까와진 느낌이 들었습니다.",10
명탐정 코난: 할로윈의 신부,최근 코난 극장판 시리즈 중에 젤 재밌게 봤어요,10
변호인,야만에 맞서고 권력에 저항하는 어느 평범했던 변호사의 이야기,8
탑건: 매버릭,하 인생작이에요ㅠㅠㅠ미쳤써ㅠㅠㅠㅠ진짜 다완벽해요ㅠㅠㅠ더 이상 말이 필요없어 이거 안보면 후회한다 배퍼,10
데스 센텐스,"평이 왜 좋은지 모르겠지만 배울만큼 배운 사람이 갱단하고 붙고 나서 가족을 그대로 집에 두는 대가리, 피해자를 겁박하고 능력없는 형사. 좋은 평을 주긴 힘든 답답한 고구마 영화.",1
탑건: 매버릭,간만에 옛날 느낌.. 요즘 나오는 영화는억지로 웃기고 억지로 감동주고 그런 느낌이었는데 오랜만에 제대로 영화관에서 영화를 봤다 말할 수 있는 영화였어요,10
더 배트맨,지역경찰에 공조하는 가면놀이 흥신소 탐정을 만들어놨네;; DC 스타일이고 나발이고 뭐하나 개성이 없잖아,6
탑건: 매버릭,아직도 감동이 안 사라지네요,10
더 킬러: 죽어도 되는 아이,열화판 아저씨인데 아저씨는 치트 쓰고 나왔고 빌런들은 너무 약해빠졌음...,5
레지던트 이블: 라쿤시티,레온 ㅅㅂㅡㅡ캐스팅 몰입도진짜안되네 인도사람아니가,2
헤어질 결심,결심은 파도가 오기 전에 하는 거니까파도가 가면 후회만 하면 되니까,10
리버 와일드,예전에 비디오 가게에서 빌려서 재미잇게 본 기억이,10
탑건: 매버릭,진짜 최고의 영화톰크루즈 최고입니다,10
헤어질 결심,구린 스토리를 연출 연기와 음악으로 커버한 느낌. 볼만하지만 이게 수상작이라고 싶은.. 탕웨이랑 박해일 아니었으면 망했을 거 같은데...,5
명탐정 코난: 할로윈의 신부,"원래 코난을 잘 안 보던 사람인데, 오랜만에 본 영화임에도 스토리가 대단함을 느낌. 캐릭터 이름을 잘 모르더라도 보는데 지장없음!",10
호수의 이방인,외모만 보면 이사달이 납니다..,7
탑건: 매버릭,재밌다. 중반부분까진 오글거리고 유치했는데 후반부에 심장쫄깃쫄깃. 벅차오름,10
탑건: 매버릭,솔직히 천만 영화들 보다 재밌었음 ㅠㅠ근데 이게 왜 아직 600만도 안됐는지…진짜 배우분들 연기며 연출이며 ost까지 미쳤는데??,10
극장판 주술회전 0,6번이나봤는데 볼때마다 새로움,10
탑건: 매버릭,오래된 영화의 속편인데 불구하고 리얼리티 쩌는 촬영기법과 연출 그리고 왕도지만 감동적인 드라마.. 최고의 속편,10
탑건: 매버릭,정말 멋지다역시 톰아저씨 짱!!,10
엘비스,뒤로 갈수록 자꾸 의리의 김보성 형님이 생각나는... 은 물론 농담이고 오랜만에 극장 가서 본 의미가 있었네요,10
버즈 라이트이어,애들 데리고 갔었는데 어른이 봐도 볼만했음,7
핸썸,아~~우리 기봉이 행님  돌리도~,2
마녀(魔女) Part2. The Other One,"내용에 개연성이 없고 인물들이 많이 나오는데 서사를 안보여주니 공감할 수 없었음 액션신에 공을 들인 건 알겠으나,,, 유치한 중국 영화 같았음",4
탑건: 매버릭,DVD나왔을적 어렸을적추억때문에 제일먼저 구매했던 탑건 넘 잼있엉ㅎ어요,10
탑건: 매버릭,뚜왕~~~.~~~~뿌슝,10
토르: 러브 앤 썬더,묠니르 때문에 삐친 스톰브레이커 ㅋㅋㅋㅋ....,10
그레이 맨,영상 좋고 액션 좋은데 스토리는 빈약한 전형적인 넷플릭스 영화,6
탑건: 매버릭,태어나서 처음 평점 남겨봅니다..,10
헤어질 결심,영화가 끝나고  반추해보면 퍼즐이 완성되는 영화~~넘 좋아요,10
베놈 2: 렛 데어 비 카니지,다 보고 나니 뭐 하나 기억에 남는 장면이 없는 영화 B급감성으로 갈려면 확실하게 B급으로 가던가...,5
마녀(魔女) Part2. The Other One,재미있던데 평점 왜 이렇게 낮지,10
레지던트 이블: 라쿤시티,밀라요보비치의 영향이 아직도 있어서 잼있게 느껴지진 않았다.클레어 같이 다니는 신입 경찰은 눈치 없는 고구마새키라 사이다가 없음,8
탑건: 매버릭,이거 보고 항공과 가고싶어짐,10
헤어질 결심,초반 극중 중국인?의 어눌한 한국말대사들땜 산만했으나 (탕웨이 아닌..) 역시 탕웨이와 박해일의 연기와 연출또한 색달랐음',10
브이아이피,대충 봤는데 야한게 아니라 잔인하고 여자 납치 살인 소재가 부적절하긴 함,6
아이 씨 유,스토리는 신박하고 좋았는데 개인적으로 할머니를 여주로 캐스팅해서 몰입도가 매우 떨어졌어요...,6
헤이트풀8,잔인한데 웃기기도 하고 통쾌하고 재밌다.,9
토르: 러브 앤 썬더,라그나로크: 유쾌함 / 러브앤썬더: 유치함,4
탑건: 매버릭,멋지다는 말만 나오는 영화~,10
더 킬러: 죽어도 되는 아이,"장혁 액션 원툴입니다.어차피 스토리 기대안했는데.,억지 감동을 노린 몇몇포인트가 영화의 흐름을심하게 뭉겝니다.  미치겠더라구요. 장혁 참 좋은 배우인데, 시나리오 좀 좋은 작품 만나서 좋은 영화 나왔으면 좋겠습니다.",1
탑건: 매버릭,댓글 왠만하면 안남기는데.. 너무 재밌습니다 강력히 추천!,10
맨 오브 스틸,오감 쾌감 기준 단언컨데 현존하는 SF액션 블록버스터 최고. 박평식 7줌. 닥치고본다~,10
탑건: 매버릭,인생중에 영화관에서 2번이상 본 최초의 영화 볼때마다 새롭고 지린다 진짜안보면 인생 후회 아이맥스 4DX 2D 다 봤는데 이 영화는 4DX임,10
탑건: 매버릭,2D로 한번보고 돌비사운드로 한번 더 봄!! 탐형.... 진정 올타임 레전드.... ㅠㅠ,10
명탐정 코난: 할로윈의 신부,베이커가의 망령 이후의 명작,10
탑건: 매버릭,만점 주러 왔다. 이게 영화지.,10
탑건: 매버릭,꿈을 꾸게 해줬던 탑건1에서탑건2는 또다른 꿈을 앞두고 도전하는 상황에서 힘을 주는 영화가 되었다.우리가 영화관에 가야하는 이유.,10
탑건: 매버릭,개꾸르잼 대단하다 쨕쨕,10
헤어질 결심,개인적으로 핵노잼.감독 믿고 봤는데..핵노잼..ㅠㅠ내 시간...ㅜㅜ,2
혼자 사는 사람들,여주 연기 자연스럽고 좋다. 내용은 그냥... 딱 거기까지.,5
멘,돈내고 불쾌한걸 본느낌,3
체리마호: 30살까지 동정이면 마법사가 될 수 있대,진짜... 쿠로사와 주접이 한층 강해지고 아디치는 여전히 사랑스럽고 넘 좋아요~ ost도 좋아요~ 편견없이 보면 정말 여운있고 재미있는 영화가 되실꺼예요~,10
블랙 달리아,좋은 배우들로 불친절한 영화를 만듦,6
헤어질 결심,연출과 연기는 좋았으니 스토리를 풀어 나가는 방법이 너무 지겹게 끌고 나가간게 아닌가 하는 생각이 듭니다. 뭔가 공감을 주는 점이 좀 떨어져 영화에 몰입하는데 방해가 된 점이 아쉽습니다.,6
헤어질 결심,간만에 또 보고싶게 만드는 영화,10
토르: 러브 앤 썬더,마블의 캐스팅은 변함없이 놀라웠지만 만화 원작의 한계가 점점 더 크게 느껴진다.,6
브로커,지루하긴 하지만 내용은 좋습니다,6
범죄도시2,시원한 액션씬과 마동석 캐릭터의 환상적인 하모니,9
클로이,"로맨틱 코미디? 스릴러? 퀴어? 이것저것 미끼 던지다가 에라 모르겠다, 대충 끝내버리는 영화. 근데, 뭔가로 방향 잡고 제대로 끝냈다 해도 결국 범작에 그쳤을 영화.",1
박쥐,좋은 영화입니다. 재개봉으로 잘 보고 가요,8
버즈 라이트이어,토이스토리의 감동은 느낄 수 없다,6
마녀(魔女) Part2. The Other One,솔직히 조금 그래요. 1편보다 떨어짐,5
헤어질 결심,2022년 한국 영화계에 내린 축복.  정점에 도달한 영화란 이런 것.,10
헤어질 결심,좋은 영화입니다. 역시 감독님!,9
탑건: 매버릭,올해 본 영화중 제일 재미있다,10
토르: 러브 앤 썬더,토르 치고는 재미가 없네요,7
탑건: 매버릭,"한 시대를 풍미한 걸작 그 자체이다.영화란 원래 이런 것이라는 고찰을 끊임없이 안겨준 작품으로, 천재적 기교없이 열정과 고뇌만으로 천재적 작품은 탄생시킨 감독과 배우들에게 아낌없는 찬사를 보낸다.",10
큐어,놀라운 영화입니다..,10
브로커,송강호는 그냥 변호인2편이나 찍어라,2
명탐정 코난: 할로윈의 신부,재밌게봤습니다,10
헤어질 결심,처음 봤을때 약간지루하고 난해했다.이동진 리뷰와 감독인터뷰 보고나니 비로서 명작이구나 느껴졌다한번 더 볼예정이다,10
탑건: 매버릭,"하반기 개봉할 영화들이 어떨지 모르겠지만, 현재까지 올해 최고의 액션영화를 꼽음에 서사와 액션 모두 부족함이 없는 영화였습니다. 그리고, 4D에 최적화된 몇 안되는 영화중 하나였던 것 같습니다.",10
캐빈 인 더 우즈,잘 만든 영화. 뻔하지 않다. 오랜만에 또 봐도 재밌네,10
탑건: 매버릭,아직은 시네마의 시대,9
헤어질 결심,"아직 20대중반 신혼이라 그런지 모르겠는데그저 나에겐 나이 먹고 한심한 불륜으로 밖에 안보였다.사랑의 깊음, 뭐 감동 이런건 웃기지도 않고 그저 불륜일 뿐이다.살인에 죄책감 없는 미친여자와 얼굴에 반해 불륜을 저지르는 한심한 형사 이야기",4
모어 댄 블루,진짜 불쌍한건 치과의사네.,7
탑건: 매버릭,4D로 보고왔는데 저는 좀 어지러웠어요 영화는 정말 재밌게 봤어요 강추합니다 군더더기 없는 스토리 라인이라 돈 아깝지 않아요 오랜만이네요 이런 영화..,10
체리마호: 30살까지 동정이면 마법사가 될 수 있대,드라마의 후속편이라 그래서 걱정했는데 앞 부분 다이제스트로 어느정도 이해가 가능해서 관람에 무리는 없었다. LGBT에 대해 다정하고 따스한 시선으로 그려진 영화. 두 사람이 거친 파도를 넘어 쭈욱 행복하게 살았으면 좋겠다.,10
월드 인베이젼,옛날에 보다만 영화였는데 이제 다봤어요 재밌게 잘봤습니다!,10
헤어질 결심,소설책 한권 읽고 나오는 기분,10
마녀(魔女) Part2. The Other One,마녀1 프롤로그 같은 느낌 1너무 재미있게 봐서 그런지 2 은너무  진행이 비슷하고 3 에서 1~2  뿌러놓은 떡밥 회수는 어떻게 풀어나갈지,6
토르: 러브 앤 썬더,원래 감상평같은거 안남기는데 아이가 보자고 해서 갔고 평점이 너무 안좋아서 기대도 안했지만 정말 기대이하의 영화였습니다. 솔직히 돈이 아깝네요~ 마블도 이제 한물 간듯~,1
헤어질 결심,연출하나는 ㅆㅅㅌㅊ. 스토리는 좀... 감독님은 연출만 합시다.,8
탑건: 매버릭,모조건 극장 가야하는 이유,10
토르: 러브 앤 썬더,영화 보다가 나온 건 내 생애 두번째.첫번째는 그레이의 오십가지 그림자 두번째는 토르이건 도저히 내 시간이 아까워서 나올 수 밖에 없었음 정말 마블이이렇게 된것에 놀라울 따름 놓아주어야 겠음,1
미스틱 리버,감독은 마지막에 데이브는 죽이지 말았어야했다 잘보다 마지막에 데이브 죽이고 멍청한와이프 지미 와이프하는 말과 키스신에 토나온다 데이브 죽음으로 찜찜하고 열받는다,6
탑건: 매버릭,말이 필요없음  최고의 영화,10
루시,역시 악당은 K-악당!!! 근데 호텔 안내데스크에서는 왜 중국말 한거지?,8
헤어질 결심,궁금증과 긴장감을 가지고 몰입해서 보게 되는 영화. 특히 박해일이 탕웨이와 취조실에서 초밥을 먹고 치우는 장면이 인상 깊음. 취조실이 아니라 여느 커플의 모습을 보는 것 처럼.,9
원샷,기대없이 봤는데 끝까지 보게 되네요속편 나와 줬음 합니다액션과 현장감이 압권이었습니다,10
레지던트 이블: 라쿤시티,최악의 시나리오와 연출...,2
마녀(魔女) Part2. The Other One,참을성 없는 사람에겐 노잼일 영화서사를 푸는 부분 때문에 초반부 지루할 수도속편이나 비기너로 알리구 제작했음 좋았을 스토리하지만 후반무 몰아치고 cg도 괜찮은 수준3편 빨리 나오길 기대함.,8
살인소설,평점 줄수가없음그냥보세요,1
토르: 러브 앤 썬더,"안녕 토르. 토르 5편은 디즈니플러스에서 보자.재미도, 연출도, 감동도 하나도 없다.탑건 3번 보는게 훨씬 낫네요.",2
더 킬러: 죽어도 되는 아이,장혁 배우의 탄산음료보다 더 시원하게 터지는 액션!,10
헤어질 결심,스스로를 미결 사건으로 만들고 싶은 사랑,10
탑건: 매버릭,액션 전투 이런거에 흥미 1도 없었는데 너무 재밌게 보고옴,10
엘비스,영화관에서 보는걸 추천합니다. 영화가 진짜 화려함. 포스터보다도 더,8
그레이 맨,"여름엔 때려부숴야 제맛, 크리스에반스 연기 잘하네 넘 얄미워",10
토르: 러브 앤 썬더,아쉽다. 만오천원 정가내고 보기에는... 재미가 아예없는것은 아닌데,6
마녀(魔女) Part2. The Other One,재미 없다고 얘기들어서 기대 안하고 봤는데 너무 재밌었음,10
토르: 러브 앤 썬더,토르가 이렇게나 강햇나,10
엘비스,망작입니다.,1
큐어,관객도 최면에 걸리는 영화,7
범죄도시2,"1편 윤계상보고 미친 연기랬는데,손석구 역시 또다른 느낌의 OOO기네",10
탑건: 매버릭,살다가 리뷰 처음 답니다.가슴이 웅장해지네요.최고네요,10
로스트 도터,의외의 서스펜스를 만났을 때의 즐거움.,6
탑건: 매버릭,최고의 인생 영화!톰아저씨 진짜 넘사벽 세계 최고의 배우!,10
탑건: 매버릭,1분 1초가 낭만이었다,10
탑건: 매버릭,3번 관람했음.ㅋㅋ 매일 관객수 확인해본다. 15~25만씩  꾸준히 오르더라. 금요일에 486만에서 토요일에 517만되서 오 30만 올랐네 이젠 좀 끝물이니 15~20만씩 오르려나? 하고 다음날 일요일 7월17일에 보니까 556만.. 오늘은 577만.. 계속 매일20~30만씩 오르네  끈질기다 ㅋㅋㅋ 계속 상승  가즈아아아,10
범죄도시2,마동석의 화끈한 타격감이 느껴지는 영화! 한국판 히어로물이라고 생각하시면 될듯 하네요^^,9
브로커,정말 재밌어요전 1시간 20분까진 버텼어요,10
그레이 맨,내용은 별거 없는데 액션이 너무 잘뽑힘!!,7
범죄도시2,"마동석 귀여워요. 쫄보는 무서워서 못봅니다,,,",10
씨 비스트,PC에 절여지다 못해 범벅된 영화다이정도면 애들한테 다양성을 가르치려는 것이 아니라 거의 주입하는게 아닐까 싶을정도로 심하다엔딩마저 진부한 영화이다,1
탑건: 매버릭,그래 이런게 극장영화지,10
탑건: 매버릭,처음으로 외국영화 2번봄 최고다.,10
탑건: 매버릭,영화가 나를 삼켜버린,10
탑건: 매버릭,와 보길잘했어요 ㄹㅇ 재밌음,10
판타스틱 썸머,점점 갈수록 여주인공이 마음아파하는 모습을 보고 마음이 아파졌다. 그리고 나는 여주인공이 할머니 장례식장에서 모든걸 다 얘기하는 모습을보고 왠지모를 속시원함과 모든게 정리된듯한 느낌이 들었다. 스토리를 계속 보는동안 지루한 장면이 별로 없어서 좋기도했다.,10
더 킬러: 죽어도 되는 아이,빵점은 못주게되있나보네요처음엔 아저씨 + 중간은 신세계 + 그다음 테이큰ㅋ그것도 억지스럽게 다 짜넣었어요보는 내내 어이없어서 웃음만 나오네요 ㅋ아웃겨라,1
탑건: 매버릭,최고입니다 너무 재밌게 잘 봤어요!!스케일이 다르네요..ㅎㅎ,10
헤어질 결심,.,8
탑건: 매버릭,"생애 처음으로 영화 두번 보게 만든 '명작'이자, 연출, 연기, 스토리, 영상미, OST까지 뭐하나 빠질 것 없는 '명작'",10
헤어질 결심,헤어질 결심을 하고도 절대 헤어질 수 없는 해준과 서래 같은 영화. 이 영화에 붕괴됐어요,9
엘비스,엘비스 배우 연기 너무 좋았어요~,10
탑건: 매버릭,하...탑건2보고나서 탑건1보고 탑건2한번더 보고왔습니다.... 아이맥스가서 또보고싶네요....연출이며 연기며...특히 탐크루즈 눈빛연기가 감동적이었고 세련된 ost에 해변씬 너무좋았어요,10
바람,몇 번을 봤는지 ㅎㅎㅎㅎ  볼때마다 참 잘 만들었다는 생각이 든다.,10
헤어질 결심,가벼운 듯 무겁고 무거운 듯 가벼운 영화였습니다.,8
헤어질 결심,품위있는 그 놈이 알려준 '붕괴'라는 사랑,9
마녀(魔女) Part2. The Other One,슈퍼맨 하고 싸워도 안밀리고  스파이더 배트맨 은 껌이네,3
탑건: 매버릭,평점 처음남깁니다 꿀잼입니다,10
마녀(魔女) Part2. The Other One,댓글 알바들 개많네 ㅋㅋ진짜 재미 OOO 없고지루하기만 했음중간 중간 고구마 장면 너무 많고액션으로 어떻게든 무마 시킬려고 하는거 같은데액션씬만 재밌고 나머지는 지루함 ㅇㅇ,2
탑건: 매버릭,진짜 재밌게 잘 봤네요 :),10
토르: 러브 앤 썬더,토르3가 워낙 잘되서 많은 기대가 있었겠지만 3만큼의 재미는 안나오는듯 가오갤도 나오고 기대했지만 짧아서 많이 아쉬움,10
패밀리 맨,옛날 감성을 받아들일 마음으로 봐야 재밌을 것,1
탑건: 매버릭,아들딸이 컸을때 꼭 추천하고픈 걸작,10
탑건: 매버릭,아이맥스로 1회차 4dx로 2회차 보고왔는데요 상영관 다 내려가기 전에 꼭 영화관에서 보시길 추천드립니다… 특수상영관 예매가 어렵다면 2d라도요…나중에 ott에서 처음 본다면 뭔가 아쉬울 것 같아요.,10
탑건: 매버릭,"최고의 영화, 최고의 배우. 두번 봤어요... ^^모든 분들께 추천드립니다.",10
엘비스,엘비스에대해 많이 알수있어서 재미있었습니다! 화면에 기교를 과하게 부린듯,8
헤어질 결심,여운이 많이 남는.. 하지만 현실은 '내로남불',9
탑건: 매버릭,말이 필요없음! 최고 탑건 정말 명작입니다. 너무 재밌었어요! 또 보고 싶어요!!!!,10
브로커,낙태와버림를  생각하게 만드는 영화,8
남한산성,The best impressive point of this movie is the actors' acting on development of arguments. The actors' tone played a large role of it. The scene of debate of Myeong-gil and Sang-heon has raged more and more as time passes. I think that the scene made me iimmersed in the movie.,9
탑건: 매버릭,진짜 가슴이 웅장해지는 영화에요ㅠㅠ 오랜만에 여운이 오래 남네요.,10
탑건: 매버릭,간만에 극장에서 볼  제대로 된 미국영화가 나왔네요.코로나 특수에 기대어 1편 짜집기한 범죄도시2 보고 진짜 화났는데 힐링이 되었습니다.,10
토르: 러브 앤 썬더,기대 안하고 봤는데 개인적으로는 최고였습니다! 별 만점,10
탑건: 매버릭,말이 필요없음. 완전 재미있음.,10
빠담풍,전무송도 은근히 깨는 영화 많이 찍어. 어이없는 스토리.,2
엘비스,엘비스 프레슬리.. 노래 다 틀고 갔다...,10
명탐정 코난: 할로윈의 신부,진짜 재밌었어요!!!마지막 타카기형사 ㅋㅋㅋ앜 훈련하는거 왜이리웃었는지ㅋㅋㅋ,10
명탐정 코난: 할로윈의 신부,폭탄 소재의 영화인데 추리물로 잘 틀었다고 봄,10
토르: 러브 앤 썬더,정말재밌게 잘봤어요 ㅋㅋ 진짜 연출력연기 토리 영상미 다 좋아여 ㅋㅋ보고나서 진짜잘봤다싶어요 왜 평점이 낮은지 모르겟어여 ㅠㅠ 솔직히 탑건보단 한수위라고 생각합니다 둘다 본 사람으로써는 근데 영화빈 너무 비싸열 ㄷㄷ 아이맥스관에서 너무재미나게봣어요 !!,10
탑건: 매버릭,톰 형님 평생팬해야지ㅜㅜ,10
헤어질 결심,잘 만들어진 작품의 기준이라고 생각됩니다. 추천하고 싶어요.,10
그레이 맨,라이언고슬링 멋지다bbb크리스에반스 캡틴아 역할만 보다가 악역 처음 봤는데 진짜 나쁜놈..,10
탑건: 매버릭,큰기대없이 봤는데 재밌게 봤습니다,9
탑건: 매버릭,토르안보고 이거보는게 맞았다,10
탑건: 매버릭,공군사관학교 진학 마려운 영화.,10
마녀(魔女) Part2. The Other One,흡입력 없음 기대하고 보면 실망함전편에 비해 재미 없음계속 뭔가 어설프고 짜임이 없음,3
토르: 러브 앤 썬더,이제는 마블 탈덕을 할 때인가 보다.,4
블랙 앤 블루,잘 만든 영화( *oωo)b,10
탑건: 매버릭,리뷰 첨 남긴다 말이 필요 없다,10
남한산성,"If it was the conversation between common people, it might be just a childish and repetitive argument. However, since Joseon's survival depended on their argument whether Joseon should surrender from the Qing, it was very desperate and extremely sad.",6
이터널스,이도저도 아닌 영화. 최대문제는 캐릭터들이 심각하게 매력이 없음. 어김없이 스며들어있는 PC는 여전하고 히로시마 등장땐 어이없음까지. 마블 광팬인데도 불구하고 마지막에 이터널스는 다시 돌아온다 라는 문구 나올때 제발 다시 오지 말라고 빌 정도. 평점이 6.4인건 다 이유가 있다,5
탑건: 매버릭,최고에요.. 다른말이 필요 없어요 무조건 영화관에서 봐야해요,10
주(咒),저주를 떠안게 되는 느낌이여서 사람들이 기분나빠서 평점 낮게주는거임 ㅋㅋ 곤지암보다도 무서웠고 재밌었음 우리나라 공포영화보다는 훨배 무서움,10
토르: 러브 앤 썬더,재밌게 잘 보았습니다.,10
헤어질 결심,정말 잘 만들어진 그래서 빠져서 헤어나오지 못하게 만든 영화,10
탑건: 매버릭,재미있게봤어요. 재미있게봤어요.,10
탑건: 매버릭,토르말고 이거 보길 잘했네요 재밌어요!!!,10
명탐정 코난: 할로윈의 신부,오랜만에 볼 만한 극장판,10
헤어질 결심,이건 완벽한 로맨스 영화,10
스텔라,유치원에서 단체관람하면 호응이 있을까 시사회가서 본 사람들에게 심심한 위로를 표합니다.,1
토르: 러브 앤 썬더,라그나로크의 다운그레이드. 건즈 앤 로지스만 기억에 남는다.,5
남한산성,It expresses the surrender process of Joseon during the Manchu Invasion of Korea. The history of Joseon against foreign aggression is well expressed. I learned about the relationship between Joseon and Qing in hisorical perspectives. The Manchu Invasion of Korea had a great influence on Joseon and expressed it in an impressive way.,8
큐어,일본 특유의 분의기로 잔잔하면서 지루할수 있지만 그안에서 내적 갈등과 조임이 느껴지는 작품 참고로 최면술 역활배우가 잘생겼다,7
명탐정 코난: 할로윈의 신부,오랜만에 나오는 수작,10
노바디 ,역시 하드코어 헨리 감독 싹수가 보였어,8
부탁 하나만 들어줘,"신선한 소재 , 반전, 연기 다좋았고이게 실화라는게 놀라워요",10
헤어질 결심,....그치만 이런 행동이 아니면 오니짱 내게 관심도 없는걸!,4
실종,평 좋길래 봤더니생각보다 노잼,7
헤어질 결심,슬픔이 파도처럼 덮치는 사람이 있는가 하면 물에 잉크가 퍼지듯이 서서히 물드는 사람도 있듯이 사랑도 역시.,9
헤어질 결심,영화 엔딩크레딧 올라갈때 어두운 극장에 앉아서 흘러나오는 엔딩곡의 가사를 듣고있으면 영화가 완성됩니다. 마침내...,10
엘비스,"지역 라디오의 작은 무대에 서게 된 19살 엘비스는 어디서도 본 적 없는 몸짓과 퍼포먼스로 무대를 압도하고, 그에게 매료된 관객들에게 뜨거운 환호성을 받는다. 톰 파커는 엘비스에게 스타로 만들어주겠다고 약속하며 함께할 것을 제안한다. 자신이 자라난 동네에서 보고 들은 흑인음악을 접목시킨 독특한 음색과 리듬, 강렬한 퍼포먼스, 화려한 패션까지 그의 모든 것이 대중을 사로잡으며 엘비스는 단숨에 스타의 반열에 올라선다.",10
더 킬러: 죽어도 되는 아이,장혁의 엑션빼고 볼께 없음...,6
헤어질 결심,감독님이랑 작품을 하고 싶다는 꿈이 생겼습니다,10
시큐리티 스파이,그냥 3류 영화임.  많은걸 바라지 말자,4
멘,세습되는 가부장제에 관하여 직접적으로 표현한 영화. 감독이 직접 언급한 설명들을 보면 그간의 내용들이 다 이해가 가기 시작한다. 스크린적으로 다가오는 충격이 크지만 내용은 훌륭한 영화.,10
탑건: 매버릭,"아이맥스,돌비,4dx 순으로 3번 관람했지만 screenX 표를 찾아보게 하는 영화. 극장에서 보길 잘 했다는 생각이 드는 영화입니다.",10
탑건: 매버릭,아이맥스에서 보는 것을 추천,10
남한산성,The best impressive point of this movie is the actors' acts on development of argument. Tone played a large role of the acts.,9
메모리,리암니슨 알츠하이머 연기랑 액션이 볼만함. 스토리 전개랑 개연성은 조금 엉망….,7
탑건: 매버릭,두번 코가 찡해졌고 모든게 완벽한영화중 하나에요,10
남한산성,"Set in the background of Qing invasion of Joseon, when the Qing invaded Joseon, the movie depicts a situation where people are divided between the positions of making peace with the Qing and war with the Qing. The conflict is well portrayed, and the performances of Choi Myung-gil and Kim Sang-heon are impressive. It is surprising that the film depicts the frustrating situation at that time.",10
남한산성,The actors' performances were excellent. The debate between Myeong-gil and Sang-heon was impressive.,9
토르: 러브 앤 썬더,킹스맨 본다는 생각으로 뇌 빼고 보기 좋음  지금까지 나온 마블영화랑 결 이 좀 다르긴 함좀 유치하긴 해도 b급감성 좋아하면 시원시원하고 볼거리 많은 맛에 보기 좋음 ㅋㅋ,10
마녀(魔女) Part2. The Other One,휴...지루함. 언제 본론나오나 했는데 그러다가 끝나버림.너무한다. 그냥 16부작 드라마라고 생각하고 만든거죠?,4
만델라 이펙트,제목만 그럴싸하고 주인공이 뜬금없이 과학현상에 대해 빠져드는 과정에서부터 뭔가 이질감이 들더니만...,1
탑건: 매버릭,"그냥 너무 너무 꿀잼입니다,,,",10
탑건: 매버릭,모든 면에서 훌륭합니다. 재관람 예정.,10
탑건: 매버릭,근래 인생영화로 등재함,10
엘비스,보헤미안 랩소디의 다음타자로는 확실히 엘비스,7
더 킬러: 죽어도 되는 아이,진짜 너무 재밌는데 상영관 실화인가...토르 상영관 좀 떼줘도 괜찮을거같은데. 이번주 지나면 서울에서 하는데가 없음 ㅋㅋㅋㅋ 진짜,10
탑건: 매버릭,시작부분 전투기가 날아오르며 나오는 ost가 들리니 심장이 쿵쾅대기 시작했따!,10
토르: 러브 앤 썬더,"마블라는 이름의 기대감에 부족한 영화, 스토리도 별로, 너무 유치했어요. ㅡ.,ㅡ",5
마녀(魔女) Part2. The Other One,마녀특유 액션씬 잼났습니다한국에 이런장르도 있다고 알리고싶네요~Tv시리즈로도 나왔음 좋겠다!,8
헤어질 결심,영화관을 나서는 순간  나도 모르는 슬픔이 북받쳐오름,10
마녀(魔女) Part2. The Other One,마녀의 필수 조건 첫번째..존ㅇㅖ..,10
토르: 러브 앤 썬더,탑건봐 두번봐 세번봐탑건봐 두번세번네번탑건만봐 두번바세번바탑건봐 제발 두번세번,6
탑건: 매버릭,말이필요없어요 또보러갑니다,10
마녀(魔女) Part2. The Other One,아니 왜 재미가 없다는거지?? 1편에 이어 2편도 존잼.... 3편 기다릴려니 벌써힘들어요ㅠㅠ,10
탑건: 매버릭,정말 멋지고 재밌었습니다,10
그레이 맨,얌생이수염+백바지 변태아메리카ㅋㅋㅋ너무 찰떡이고~ 라이언 고슬밥 개멋있고~,10
탑건: 매버릭,연출 배우 연기 대본 액션 노래 모든것이 완벽했다,10
분노의 윤리학,그냥 그저 그래요고성희...이쁘네요,8
"무현, 두 도시 이야기",예아 안 될거 뭐있노? 지금 바로 갑니다,2
탑건: 매버릭,4dx로 보세요…기가막힙니다 돈이안아깝습니다,10
탑건: 매버릭,"꼭 영화관에서 보세요. 2d라도요. 물론 보고나면 4d로 보고싶어지긴 하지만요.정말, 재밌습니다.",10
헤어질 결심,"내 취향 영화(디즈니, 지브리 등 애니메이션, 해피엔딩 선호)는 아니었는데 아닌 것들 중 가장 좋은 영화라 느껴졌다 영화가 끝난 후 함께 본 사람과 끊임 없이 그 영화에 대한 이야기를 했던 건 처음이었다박해일과 탕웨이가 보인 서로에 대한 조심스러운 감정선이 답답하게 느껴지면서도 이후엔 오히려 좋게 다가왔다 막 자극적인 씬도 없었고,,, 상업적인 목적의 영화였다면 두 사람이 침대에 누워 밤을 보내는 장면이 나왔겠지,,,두 남녀가 보인 모습을 순수하지 않다고 말할 수 있을까?한 번으로는 부족했고 두 번, 세 번은 더 보고 싶은 그런 영화! 꼭 극장에서 보고 싶다",10
캡틴 아메리카: 시빌 워,역시 가장 큰 장점은 액션과 캐릭터.,8
시라노,남자들의 로맨스에 희생당한 록산,7
토르: 러브 앤 썬더,영상미 말고는 별롭니다,7
명탐정 코난: 할로윈의 신부,쿠키 영상 2개 있습니다... 둘 다 꼭 보세요 안 보면 후회합니다,10
탑건: 매버릭,탑건은 아이맥스로 보세요. 진짜 최곱니다.,10
명탐정 코난: 할로윈의 신부,코난은 스토리 다 꿀잼,10
탑건: 매버릭,고민하지말고 시간없어도 어떠게든 극장으로 달려가시길 무조건 봐야돼는 영화 4dx로 꼭,10
랑종,업보는 참으로 무서워. 반종에 의한 공포요소의 비빔밥화,5
탑건: 매버릭,4d 2d로봤는데 돈이안아까움 또보고싶네 강추4d2d를위한 영화 ??,10
마녀(魔女) Part2. The Other One,난 마녀 1보다 2가 액션이 더 재밋었음,10
마녀(魔女) Part2. The Other One,1보다 재미없음,4
탑건: 매버릭,4DX로 보세요 꼭! 어쩌면 뻔한 결말이지만 그걸 뛰어넘게 재밌다,10
밀정,원전영화를 보고 가동중단한 문재인 대통령님처럼  역사를 영화로 배운 사람들때문에 나라가 성장을 못한다고 생각한다.,1
케이브,TV에서 하길래 디센트라 생각하고 보면서 왜이렇게 안무섭지?ㅋㅋ 하지만 배경도 배우들도 멋지고 많이 공포스럽지않아서 예전에도 지금도 잼나게 본 영화. 근데 밑밥은 깔았는데 2는  제작을 못했나보군요,10
익스트랙션,액션영화로는 굿…하지만,8
명탐정 코난: 할로윈의 신부,경찰동기조가 거의 다 해먹긴 했지만 그게 맘에 들었다,10
탑건: 매버릭,포디로 봐서 더 재밌었다 강추,10
엘비스,연기 영상미 모두 정말 훌륭했어요,10
토르: 러브 앤 썬더,그...냥 안본걸로 할게요... ㅎㅎ 유치했사옵니다...,10
토르: 러브 앤 썬더,1점 주기도 아까움.. 내용 전개도 엉망임.. 마블이 어쩌다 이런 B급보다 못한 C급 같은 영화를 만들게 된걸까 대실망함.. 괜히 봤어 돈아까워ㅠ,2
탑건: 매버릭,탑건 헌정 영상입니다 탑건 1도 함께 보세요,9
탑건: 매버릭,모든게 완벽하게 맞아떨어졌음. 일단 술집에서 수다떠는 장면 조차도 집중하게 만들었던 연출력 ㄷㄷ 대사 하나하나 남는건 아니지만 거기에 푹 빠져서 보느라 지루할 틈 無,10
녹터널 애니멀스,가진게 없을 땐 현실이 보이고 다 가지고나니 마음이 허하고..,7
탑건: 매버릭,지.렸.다 진짜...,10
더 킬러: 죽어도 되는 아이,졸잼 무조건 보시길~    장혁이 진먼목~,10
마녀(魔女) Part2. The Other One,굳이 두 개의 영화로 세계관까지 구축해야 할 이야기인가 싶다. 다음 이야기가 궁금하지가 않아서.,5
탑건: 매버릭,좋았다 좋은 영화 봐서 눈이 즐겁다.,8
명탐정 코난: 할로윈의 신부,한동안 코난 휴덕 했었는데 이번 극장판 아무로 보고 머리 깨져서 다시 돌아왔습니다^^ 이번 극장판 쿠키영상도 대박이니까 마지막까지 꼭 보세요!!!,10
특수요원 빼꼼,중국 자본들어가면 성한게 없네,3
아비정전,첨 개봉당시. 영상미가 참 인상적이였던 기억이. 그러나 돈 돌려달라는 관객들의 아우성이 들려오기도..,8
감동주의보,아기자기한 농촌 러브스토리..,5
"나니아 연대기 - 사자, 마녀 그리고 옷장",오래전 영화같지않게 너무 고급지고 스토리가 진짜 재밌어요,10
탑건: 매버릭,돌비로 봤는데 좋아서 4dx도 봤는데 더 좋아졌다.,10
탑건: 매버릭,영화를 안 본 사람은 있어도 한 번만 본 사람은 없는 레전드 영화,10
헤어질 결심,무겁고 축축한 분위기 영상미는 좋았다. 그마저도 김신영 콩트연기가 나오면서 몰입도가 깨진다.,2
더 킬러: 죽어도 되는 아이,서든어택관전했습니다.,6
블랙 앤 블루,아무런 뻥이 없아 사실적으로 스토리도 훌륭합니다.,10
블랙 앤 블루,흑인 남여배우 주연 재밌어요,10
잭 리처: 네버 고 백,잭리처 1편이 재미있어 2편까지 연달아 봤는데 1편보다 확실히 몰입력이 떨어지네요ㅠㅠ,6
엘비스,"신이 주신 재능은 파멸을 동반한다. 당초 버즈 루어만의 음악영화에 대해서 그다지 좋은 기억이 없었기에 별 기대는 하지않았지만 그래도 엘비스에 대한 작품이라 간절히 관람하고 싶었다. 재능이란 마치 바지속의 송곳처럼 언젠간 바지주머니를 뚫고 나오기 마련인가 보다. 그리고 만일 그 재능이 신이 선물이라면 신은 공평함도 함께 부여했다는 생각이 영화를 보는 내내 들었다. 그 공평함이란 자기 파멸이다. 일반적인 시각으로 볼때 엘비스 아론 프레슬리는 평범함을 넘어 너무도 모범적인 사람이었다고 본다. 팝가수이자 대중스타이면서도 가스펠을 무려 40곡이나 작곡했을 만큼 독실한 크리스찬이자 술과 담배는 입에 대지도 않았으며 간난한 자들과 사회적으로 소외된 자들, 특히 흑인들에게 많은 자선을 하고 기부금을 냈었다는 후일담을 고려하면 말이다. 실제로 그는 공연 때 가스펠을 반드시 레퍼토리에 넣었다고 한다. 그리고 그가 마지막 무대에서 마지막으로 부른 곡은 그 유명한 라이처스 브라더스의 unchained melody 다. 그의 사인에 대해선 참 말도 많고 여러 설이 있다. 그런데 독실한 크리스천이고 모범적이고 사회공익적인 일도 많이 한 이가 약물중독에의한 심장마비로 사망했다는 것은 누가 봐도 설득력이 떨어진다. 그런 의혹을 뒤로 하고 영화적으로 이영화를 본다면 재미, 오락, 작품성 세마리 토끼를 모두 잡았고 이는 루즈 비어만 감독의 최고작이 아닌가 하는 생각이 든다. 비어만의 전작들은 음악, 뮤지컬 작품으로는 꽤 작품성을 인정 받을만 하지만 좀 더 세세하게 따져 본다면 뭔가 2% 부족한 듯한 느낌이 있었다. 즉 스토리의 풍부함의 결여다. 그런데 영화 엘비스는 완벽에 가까운 작품이라고 생각한다. 2시간 40분이지만 지루하기는 커녕 눈을 한시도 스크린에서 땔 수가 없게 한다. 음악, 뮤지컬 영화로 이렇게 몰입감을 선사한 것은 라라랜드 이후 처음이 아닌가 하는 생각이다. 특히 오스틴 버틀러의 신의 경지의 연기는 단연코 압권이며 영화를 가장 돋보이게 하는데 결정적.",10
더 킬러: 죽어도 되는 아이,잔인하지만 통쾌한액션,7
큐어,쿠니오 연기력이 조금만 더 좋았다면 나는 이 영화의 최면에서 영영 헤어나오지 못했을 수도 있을 것 같다.,9
콜래트럴,단순히 킬러 영화인줄 알고 안봤는데 생각보다 영화가 참 좋았다. 톰크루즈의 회색염색도 너무 멋있다,10
탑건: 매버릭,완벽한 영화 그 이상의 수식어도 필요 없을것 같네요,10
캅샵: 미친놈들의 전쟁,초반은 좀 지루한데 중반부터 이야기 풀어나가면서부터 재밌어짐. 둘 중 누구를 믿어야하는가 ㅎㅎ,10
헤어질 결심,파도가 잔잔히 치는 걸 보다가 집에 돌아가려고 일어나보니까 이미 잠식되어 잠겨있는. 그런 영화.,10
잭 리처,"잭리처 1,2편 연달아 봤어요. 대사나 스토리가 조금 유치하고 중반까지 여주인공의 답답스러움이 살짝 있지만 몰입력있는 스토리 구성과 연출 덕분에 재밌게 봤습니당!",10
헤어질 결심,"마침내. 사랑을 위해, 나를 내던지는 사랑은 얼마나 깊은 것인지.",10
쥬라기 월드: 도미니언,스토리 연출 그래픽 전부 엉성해서 몰입하기 힘드네요 쥬라기 시리즈줄 제일 최악인듯,1
탑건: 매버릭,인생 명화 20년뒤에 신서유기 시즌 30에서 퀴즈로나올만한 영화,10
이상한 나라의 수학자,보람이 증명안해? 나가라 걍,1
헤어질 결심,살려내.. 영화보고 내 멘탈 무너짐,10
탑건: 매버릭,오랜만에 본 감동적이고 시원한 영화!,10
헤어질 결심,"품위있는 어른들의 멜로,",10
아웃로 킹,넷플은 시대극 작품 잘 만들더라구요. 확실히 재미남. 영상미와 브금은 말할 것도 없고요.,10
토르: 러브 앤 썬더,기대를 낮추고 봤더니 그럭저럭...?,6
탑건: 매버릭,마블은 이제 지겨우니까 이런 게 다시 뜨는군요 나름 괜찮게 봤습니다,8
마녀(魔女) Part2. The Other One,너무 마녀3을 위한 2편이랄까.. 중간중간 개그코드와 감동코드가 영.. 별로.. 토우 리더 첨에 담배피는 연기 인상깊었다. 역시 액션씬은 시원시원해서 좋다.,6
탑건: 매버릭,머 하나 빠지는거 없이 시간 가는줄 모르고 봄최근 몇년간 이보다 재미있는 영화 본적이 없네요,10
제8일의 밤,사람마다 느끼는 포인트가 다르지 않을까 공포영화라고 해서 봤는데 공포 보단 간만에 삶의 카르마에 대해 많이 생각하게 된 영화..,10
"색, 계",헤어질결심보고 생각나서 봤는데 뭐 이리 먹먹한지.. 시대적 배경때문에 논란은 있겠지만 왕치아즈 개인에 집중해서 보면 감정선과 연기가 엄청나다,10
토르: 러브 앤 썬더,두 번째 볼 때가 왜 더 재밌지,10
헤어질 결심,가슴이 뭔가… 슬픈것도 아니고.. 사랑이었음을,10
군다,"돼지와 닭, 소가 야생동물이 아니라 가축이었다는 것에 생각이 많아집니다.",10
탑건: 매버릭,무조건 4DX...,10
마녀(魔女) Part2. The Other One,3편이 기대되는 영화~너무재밌게 봤습니다1편부터 스타리 개연성 너무좋은~~,10
잃어버린 세계를 찾아서,브래든 프레이저 나오는 액션모험은 믿보! 이제 나이 드셔서 더 못하겠지만 ㅜㅜ 그립다그리워~,10
헤어질 결심,사랑이란 얼마나 간사하고 잔인한가.,10
소공녀,"삶에는 소소하지만, 확실히 느낄수있는, 행복이 필요하다",8
탑건: 매버릭,"진짜 현장에 있는 듯한 느낌, 짜릿함과 감동을 모두 줄 수 있는 일이 쉬운 게 아닌데 그 탑건이 그걸 해냈습니다.",10
라스트 나잇 인 소호,잘짜여진 아름다운 공포영화,7
마녀(魔女) Part2. The Other One,나는 처음부터 끝까지 재밌었는데 빨리 마녀3 보고싶다..,10
너를 죽이고,이딴거는 왜 만드는건지... 1점도 아깝다,1
더 킬러: 죽어도 되는 아이,존윅 외국영화 따라하기,6
범죄와의 전쟁 : 나쁜놈들 전성시대,대한민국 영화사에서 가장 최고의 영화라고 생각함.수십번을 봐도 안질리는 단 하나의 작품.,10
고령화 가족,박해일은 연기를 어떻게 저렇게 잘할 수 있는거지?,10
탑건: 매버릭,최고의 상업영화   영화보는동안 탑건소속으로 견학한느낌,9
범죄도시2,마동석 목소리와 연기,10
씽2게더,sing1과 굉장히 비슷해쓰,2
토르: 러브 앤 썬더,액션 하나는 역대 최하위권.나머지는 '이렇게까지...?',6
헤어질 결심,올해 가장 인상 깊은 영화,10
헤어질 결심,누군가는 결심을 하고 누군가는 하지 못했다.,8
더 킬러: 죽어도 되는 아이,장혁이 한국의 톰크루즈가 되기 위해 분골쇄신하는 영화. 액션의 밀도는 높아졌지만 서사의 빈약함이 여전히 발목을 잡는다. 장혁이라는 캐릭터를 보조할 매력있는 존재들도 부족해 아쉽.  좋은 서사만 만나면 꽤 괜찮은 작품 하나 나올 것 같은데.,7
헤어질 결심,전반 한시간은 재미없이 소소하게 지나간다. 후반들어 전반에 심은 장치들이 하나씩 연결되면서 드디어 스토리가 좀 더 긴박하게 흐른다. 박찬욱 순한맛.,8
헤어질 결심,박찬욱은 박찬욱이다....,8
마녀(魔女) Part2. The Other One,등장인물과 액션은 전편보다 화려해졌는데 스토리는 글쎄?새로운 마녀 중심의 이야기가 아니라 농장을 지킬려는 남매와 그 농장을 뺏을려는 깡패가 스토리 중심이고 새로운 마녀가 오히려 조연같았음,6
버즈 라이트이어,재미있네 스토리도 괜찮고,8
펄프 픽션,역시 타란티노,10
컴온 컴온,아껴가며 천천히 여러 번 보고 싶다,10
아들의 이름으로,우리나라 역사를 생각하고 보면 재밌습니다.총질을 한 살인범의 시선으로 만든 영화~ 안성기처럼 고통받으며 살았을 살인범들도 있겠고 하나님은 다 용서해준다며 부와 권력을 누리고 대대손손 잘 사는 살인범도 있겠죠~다시는 이땅에 저런 괴물들이 나오지 않길 바랄뿐입니다.청소년들이 꼭 봤으면하는 영화입니다.그리고 전두환과 그의 하수인들은 어디서든 천벌을 받길....,10
탑건: 매버릭,액션이 다했다.미쳤당,10
명탐정 코난: 할로윈의 신부,이번에본 영화중에 젤재밌음 스토리탄탄 다소 항마력딸렸지만 어른도 볼만함 아 토르보다 재밌음,8
더 킬러: 죽어도 되는 아이,액션이 시원시원해서 재믿게 봤어요,9
탑건: 매버릭,"보는 내내 감동과 전율이 느껴졌다. 보고나서 기립박수를 치고픈 충동을 간신히 억눌렀다. 감동의 여운이 한참동안 계속되었다. 극장에서 안보면 후회할 영화. 탑건 1편과의 연계속에서 전우애, 미션을 완수하고자 하는 끝없는 열정, 그리고 CG가 아닌 실제적이니 전투기 기동에 의한 압도적인 전투씬. 그냥 최고다!",10
애프터 양,감성이 어색하다,3
연애 빠진 로맨스,"누구나 있을 법한 흔하디 흔한 사랑 이야기지만, 그래서 더욱 더 몰입이 잘 됐고 진부하게 느껴지지 않았다",8
듄,압도적인 규모의 눈뽕의 향연.,8
엘비스,엘비스에 대해 잘 몰랐고 기대도 안했는데 정말 재밌게 봤습니다.,10
"광해, 왕이 된 남자",사극영화중 단연 최고의작품..,10
로스트 도터,엄마이기 이전에 여성이라는 삶을 살고 싶었던 한 사람의 이야기.,9
헤어질 결심,박찬욱 최고의 영화,10
마녀(魔女) Part2. The Other One,다좋은데 쓸데없는 얘기하는 장면이 너무 많음 그런거 다 빼는게 영화 전개상 좋았을듯 집중력 깨짐 그럼에도 불구하고 마녀 세계관 좋아서 10점줌 3편은 개선좀,10
토르: 러브 앤 썬더,토르 지능 왜 더 떨어짐;;,6
은혼2: 규칙은 깨라고 있는 것,"개인적으로 히지카타가찰떡이라 (만화보다멋짐,)맘에듬ㅋ",8
탑건: 매버릭,너무 재미있게 봤습니다,10
마녀,전잼 김다미 최우식 캐리,10
그레이 맨,"상당히 공들인 로케와 경탄스러운 액션으로 시종일관 밀고가는 작품. 너무나 익숙한 스토리와 사건 전개는 아쉬움이 있지만, 라이언 고슬링과 크리스 에반스의 액션 매력을 이정도로 끌어냈으면 그것대로  만족이다.",7
브로커,과정이 엉성하다,5
헤어질 결심,"오래 가슴에 남는 영화. 영화평론가 누군가 예기했던것처럼 다시 살아 있음을 느끼게 해 준 영화. 40대 중반의 나이에 애절한 사랑의 감정을 20년만에 느낄 정도로 세포가 살아나는 느낌. 최고입니다. 두번 보시고. 두번째 보지기 전에는 전문가들 리뷰 보시고 다시 보시면 더 좋을 것 같습니다. 놓치는 부분이 많네요. 특히 영화적 색감이나 감추어진 상징들도 있지만, 저는 영화음악. 말러 5번 교향곡 4악장.",10
탑건: 매버릭,자칫 유치할 수 있는 이야기를 이렇게 낭만적이고 근사하게 그려낼 수 있을까? 세월을 이겨낸 톰 크루즈가 영화 내내 반짝반짝 빛난다. 오랜된 것도 멋있을 수 있다고 영화는 말한다.,9
큐어,"분위기로 압도하고 조용히 옥죄어 오는 스릴러 영화, 대작이라고 불리는 이유가 있죠! 재밌습니다. 15세 관람가라고 하기엔 조금 잔인해요.",8
뒤틀린 집,"기대 이상이에요~!! 몰입감도 있고 재밌게 봤어요 연기 대박...,,",10
롱 리브 더 킹: 목포 영웅,원진아를 여기서 처음 봄,10
더 킬러: 죽어도 되는 아이,<더 킬러ㅡ안봐도 되는 영화/돈받고 봐줘야 되는 영화/받은돈으로 안본눈 사야 되는 영화> 10점 도배질 알바 문디들아 지겹지도 않냐~,1
닥터 스트레인지: 대혼돈의 멀티버스,나름 기대를 하고 봤지만... 부분부분 PC 주의 보기 불편했음...,7
더 킬러: 죽어도 되는 아이,개연성은 부족하지만 액션은 볼만합니다.나름의 반전도 재미요소.,8
탑건: 매버릭,최고의 영화 가슴이 뜨거워 진다,10
탑건: 매버릭,전설의 귀환~ 뻔하디 뻔하다고 할 수 있는 스토리지만 감동백배..,9
명탐정 코난: 할로윈의 신부,앞전 내용을 알면 두배더 재밌어요,10
불도저에 탄 소녀,불도저로 건물하나 미는데 경찰이 민간인 미성년자한테 총을 쏜다고? ㅋㅋ 그리고 정치인들 다 쓰레기인건 똑같은데 왜 항상 우파가 쓰레기냐 ㅋㅋ,2
탑건: 매버릭,탑건 1 보지 않고 보러가서 아쉬웠네요 탑건 2 보고 바로 탑건 1봤습니다.,10
탑건: 매버릭,평점 높아서 기대하면서 봤는데도 그 기대를 뛰어넘었고..톰크루즈 아빠보다 한살어린데 왜 멋있는건지..인생영화될거 같아요ㅠㅠ 안보시면 후회함..,10
토르: 러브 앤 썬더,우주 배경 판타지 영화인 마블에서 느와르 영상미가 있던점이 좋았음. 그외에 스토리는 그닥....그냥 정때문에 보는 느낌,4
마녀(魔女) Part2. The Other One,액션씬이 볼만했어요 재미도 나름 있었던거같은데.. 3편은 이거보다 훨신 더 잘 만들어야 할거같아요..,8
토르: 러브 앤 썬더,토르 앞 시리즈를 보지 않아도 재미있게 볼 수 있어서 좋아요.그리고 판타지한 연출과 장면들도 많이 포함되어 있어서 보는데 즐거움이 많았어요.그리고!!쿠키영상이 있다고 해서 보고 나왔는데 왠지..다음 시리즈가 나올것 같아요.(추측이지만...),7
토르: 러브 앤 썬더,이건 뭐 감흥도 없고... 말장난에 피식거리기나 하지 빌런도 실망스럽고 너무 쉽게 끝남. 억지스러운 부분도 있고.. 고르 딸 보호자가 된 토르가 또 무슨 이야기를 들려줄지 뭐 돌아온다고 하니 어떻게 될진 두고 봐야 할 듯.,2
토르: 러브 앤 썬더,헐리우스식 유머(?)에 웃어야 할지 울어야 할지... 게다가 헐리우드와는 안어울리는 신파적인 요소. CG는 좀 볼만 하지만 영화 전반이 뭔가 장난스럽고 스토리도 영. 집중안 안됨. 마블과 토르의 광팬이라면 모를까 개인적으로는 그닥. 차라리 탑건 매버릭을 한번 더 볼껄 하는 후회막심.,4
탑건: 매버릭,올해 최고의 명작! 내 생애 처음 평점 써봄.,9
뒤틀린 집,재미도 감동도 교훈도 없다 돈날림 ㅋㅋ,1
토르: 러브 앤 썬더,나 스스로 영화의 기대치가 너무 높았던건 아닌가 .. 생각하게 됩니다.스토리 전개가 자꾸 맥이 끊기는 느낌을 받았는데 나만 그렇게 생각한게 아닌듯.. 대부분 비슷하게 말씀하시네요;;크리스찬 베일 연기가 멱살잡고 끌고온 느낌을 많이 받았습니다.그리고 나탈리 포트만을 일회성 캐릭터 소비로 끌고온 건 너무나 아쉬웠습니다.마지막에 헤라클레스가 빌런으로 나올거라는 암시가 난 왜 이해가 안될까요.. 나만 그런가요...이야기를 꼬아도 한참 꼬은듯 합니다.그래서 영화에서의 요점 (말하고 싶은건) 러브 라는 그 베일의 아이와 토르가 같이 다음 편에 헤라클레스같은 신들과 전쟁을 한다는 말을 너무 풀어 쓴건 아닌지..,5
토르: 러브 앤 썬더,역시 햄식이는 병맛이 제맛,8
탑건: 매버릭,여운이 남아 2d로 그냥 본게 아쉬워 돌비시네마로 다시 갑니다!!,10
토르: 러브 앤 썬더,유치한데 재밌다,8
탑건: 매버릭,오랜만에 정말 몰입해서 본 영화였어요!! 시간 지나는줄 모르게 완전 집중함인터스텔라 처음본 기분이었달까 4D로 한번 더 보고싶네용 ㅎㅎ,10
봄,너무 시린 겨울이 아닌 초봄에서 완전한 봄이 되어가기까지의 쌀쌀함과 은은한 따뜻함이 묻어나오는 영화다. 스토리에 슬픔과 초라함을 처량함으로 만들지 않아 보면서 마음이 한결 가벼웠다.,9
멘,영화소개프로그램 보고 너무 재밌을거같아서 기대하고 봤는데 진짜 별로에여.... 차라리 원죄에 대한 얘기였으면 이해나 될뻔,2
탑건: 매버릭,4DX SCREENX 강추합니다. 아예 다른 차원의 재미와 감동을 주는군요. 또보고싶다. 톰형 사랑해요,10
헤어질 결심,왜 N회차 관람하는지 알 것 같다,10
토르: 러브 앤 썬더,이제 더 이상 안 돌아와도 될 것 같은데...,4
창,우연히 엠플렉스 에서 다시봤는데정말 우리사회가 이랬었지많이 좋아졌구나...하지만그래도 여전히 삶은 팍팍 하기만 한 현실다시 봐도 명작 같어요 임권택 감독님을 지나간 배우들다 지금 명 연기자들역시 좋은 감독은 좋은 배우를 잘 보는눈이 있으신거 같어요,10
엘비스,"연기가 너무 좋았고, 엘비스 노래도 좋았어요",9
톰과 제리,극장이라 애들 말하는게 너무좋음,8
탑건: 매버릭,엔데믹이 오길 기다린 영화같아요!이 영화를 집에서 보기엔 너무 아까워요! 상영관을 위한 영화입니다. 하늘을 나는 듯한 기분은 덤이에요!,9
"아치의 노래, 정태춘",두번봤다 감동 그리고 따스함,10
탑건: 매버릭,제 인생 최고의 영화 중 하나입니다.감동을 주셔서 감사합니다,10
마녀(魔女) Part2. The Other One,"평점이 낮아서 반신반의하면서  봤지만,  나름  볼만했음.기승전결에서  전에  해당하는  장면으로  이해하면 될듯!",8
명탐정 코난: 할로윈의 신부,"코난이 최근 들어서 추리보다는 액션이 커진 느낌 때문에 비판이 많았는데 전작과 전 전작보다는 추리가 늘어났지만, 전성기 시절에 비하면 조금은 부족한 느낌이 없지 않은 느낌이 있다.",9
탑건: 매버릭,콜라 라지사이즈 먹고 지릴 뻔했는데 마지막 보고결국 지렸습니다.,10
탑건: 매버릭,톰크루즈 멋있다는걸 이제 이해 했는데 그냥 멋있는게 아니고 너무 멋있음아메리칸 ㄹㅇ 감성 마초본능 너무 좋음집에 와서 계속 ost 듣고 있음영화 끝날때 USA! USA! 할뻔,10
헤어질 결심,"불륜 미화 영화입니다.아름다운 외모에 빠져서 수사를 망친 형사,그 가벼운 감정을 사랑이라 포장하고 끝끝내 미결로 남겨버린 그 결과는 파국탕웨이가 마지막에 배신을 하는 걸로 마무리되었다면 좀 더 현실적이었을 것 같아요.결론은 불륜을 미화한 영화일 뿐이라는 것.",2
토르: 러브 앤 썬더,아니 이게 토르맞냐??? 내가 봤던 마블중에 젤 재미없음 흥,2
낙원의 밤,엄태구씨 목소리 은근 중독성 있고 마이사 코믹 연기는 박수 쳐주고 싶은데 영화가 전반적으로 지나치게 잔인하네 쓸데없이...암튼 배우분들은 모두 열심 연기 하신듯! 주먹 <칼 < 총WIN!,8
그린 북,''연주할게요 당신이 원하면'' 이 대사가 얼마나 로맨틱하고 서글픈 대사인지,8
탑건: 매버릭,"0점 줄 수 있다면 0점을 주고 싶다. 보고 너무 심각하게 재미없어서 주변에 물어봤더니 다 재미없다고 했음. 엄마 아빠랑 같이 봤는데 심지어 두 분 다너무 유치하고 재미없다고 하시면서 나이 좀 있는 아저씨들만 재밌는 영화일 거라고 하실정도. 스토리 연출 대사 ost 다 진짜 너무 올드하고 긴박감 제로에 루즈함. 옛날 영화 속편이라 추억에 빠져서 평점이 높은 것 같고 영화자체는 진짜 심각함. 진짜 못 믿는 사람들을 위해서 예를 좀 들어보면 ""돌아가신 아버지 정답을 알려주세요"" 이딴 유치하고 올드한 대사치고 바로 위기극복. 팀워크 해치는 빌런 등장시켜놓고 바다에서 웃통벗고 공놀이 한 다음에 갑자기 악수 같은거 하더니 바로 팀워크 향상. 이거 말고도 그냥 처음부터 끝까지 와..어떻게 이렇게까지 유치하고 올드한 내용만 이어 붙여놨나 싶을 정도임. 진짜 진심으로 시간아깝고 돈아까웠음. 영화관에서도 재밌으면 사람들이 화장실 왔다갔다 안 할 텐데 진짜 여러명 화장실 갔다옴. 재밌다는 사람 있으면 저 내용 저 연출 저 대사가 왜 재밌는지 물어보고 싶음 진짜. 하 진짜 톰크루즈 여친 얘기도 너무 유치하고 진짜 너무 유치해서 충격받아버림. 그냥 모든 게 다 유치하고 올드함.",1
마녀(魔女) Part2. The Other One,무슨  영화가 스토리부터  개 망작에  연기하는부분도  엄청  못하고   마녀2보다  더 개망작이군요,2
엘비스,한동안 엘비스에 갇혀살것 같습니다,10
브로커,칸에 진출한 영화라고 해서 기대를 많이 했는데....배우들의 연기는 너무 좋았으나 스토리와 결말이 애매하게 끝나서 많이 아쉬웠어요.개인적으로 열린결말 보다는 닫힌 결말을 추구하는 사람으로서 영화를 보고나서  아쉬운 점이 조금 있었네요.,5
토르: 러브 앤 썬더,넘재미써꿀잼임짱짱짱,10
토르: 러브 앤 썬더,평점이 왜 낮은지 모르겠네요 감동적이고 재밌었습니다 토르짱!!!!,10
탑건: 매버릭,추억 소환~ 너무 반가웠어요 ^^,10
탑건: 매버릭,역시 믿고 보는 탑건이네요,10
토르: 러브 앤 썬더,개재미없고 쓸데없는 농담질만하다가 끝남. 역대급 노잼영화. 보다가 중간에나옴,1
탑건: 매버릭,마지막에 행맨이 도와주는거 OO간지;;,10
헤어질 결심,지금은 100만 관객에 마음을 놓겠지만앞으로 쭉 우리 옆에 존재할 그런 영화,10
토르: 러브 앤 썬더,좀 아쉽다,7
토르: 러브 앤 썬더,"졸작 입니다요, 내세울 거 없는",1
체리마호: 30살까지 동정이면 마법사가 될 수 있대,보고나면 마음이 따뜻해지는 영화. 드라마도 그랬지만 볼수록 더 빠져들 수 밖에 없는 느낌이 있다. 아마도 캐릭터와 스스로를 일체화하며 섬세한 연기를 펼쳐준 배우들의 노력과 누구에게도 불편하지 않은 이야기를 만들려한 제작진의 노력이 합쳐진 결과인 듯! 그리고 주인공의 비주얼이...와우...,10
헤어질 결심,"박찬욱, 마침내 마음을 울리다.이제부터 시작",8
토르: 러브 앤 썬더,토르5가 나오면 좋겠습니다.,10
탑건: 매버릭,인생영화로 한방에 역전,10
나는 나를 해고하지 않는다,짧다면 짧은 약 10년동안의 사회생활중 반절 이상을 차지했던 악덕기업에서의 기억들이 마구 떠올랐음.. 기업은 이익이 중요하지만 기업이 이익만 따라갈 때 사람이 개만도 못해지는 상황들은 정말..,9
탑건: 매버릭,믿고보는 톰크루즈 최고!,10
토르: 러브 앤 썬더,"남는거라곤 연기뿐...나탈리 포트먼,크리스찬 베일",5
더 킬러: 죽어도 되는 아이,연출이 좋은 영화다음작품이 기대되네요.,10
더 킬러: 죽어도 되는 아이,재밋는데 상영관이 너뮤작앙요 장혁 원맨쇼 넘잼있음,10
레지던트 이블: 라쿤시티,PC 뭍은 헐리웃 영화가 이렇게나 위험합니다.,1
마녀(魔女) Part2. The Other One,"역시 중국자본이 들어간 영화는 망작으로 가느 지름길인데.. 영상,연출,연기,영상미,스토리 모두가 중국 현대판 무협 영화로 만들었네요.",2
엘비스,대학생 딸이랑 같이 봤는데 앨비스 어렴풋이 알던 딸도 몰입해서 보더라구요 재미있었습니다,10
미스터 주부퀴즈왕,현실성은 조금 떨어지는 내용이 좀 아쉽,6
마녀(魔女) Part2. The Other One,1편이 훨씬 나았던게 구자윤처럼 치고 박고 싸우는 액션이 더 좋던데. 초능력 쓰는게 무슨 엑스맨 시리즈 보는것도 아니고... 그리고  굳이 중국말 쓰는것도 웃기다. 3편은 스토리 액션 탄탄하게 제대로 만들어보자.,6
헤어질 결심,"마침내, 영원한 미결에 도달하게 만든 그 결심.",9
토르: 러브 앤 썬더,PC의 미래가 궁금하면 디즈니의 주가를 보라,1
더 킬러: 죽어도 되는 아이,같이 가서 볼사람도 잇는데 거제시cgv는 더킬러가 상영을  안하네여 마녀보다 더 잼잇을듯 한데 왜 거제시엔 상영을 안하는지 궁금하네여  ㅠ.ㅠ,10
탑건: 매버릭,한번도 평점을 줘본적이 없는데탑건은 10점을 받을만한 영화입니다,10
그레이 맨,생각없이 액션만으로 보기 좋은 영화,8
탑건: 매버릭,전편의 전설을 제대로 이은 속편.미 해군에서 이렇게 밀어주는 전투기 영화도 드뭄.,10
탑건: 매버릭,평점 첨 다는데 진짜 재밌습니다,10
제리 맥과이어,"그의 이상과 현실까지도 사랑해. 내가 가장 밑바닥에 있을 때도 나를 믿어주는 단 한사람만 있다면, 우린 이겨내고 살아갈 수 있다.",10
웰컴 투 동막골,어릴때보다 지금보니 감동이 더하다. 웃음이 터져나오게 재미있으면서도 눈물나고 감동과 교훈이 있다.,10
탑건: 매버릭,사실 스토리는 뻔하지만 연출이 갑!! 1점 깎은 이유는 로맨스를 왜 굳이 넣었는지는 모르겠다?? ㅠㅠ,9
파이트 클럽,내가 끄집어내지 못한 로망의내모습이 그려지는 영화였다. 영화자체에 어렵지않은 복선들이 재미있게 받아들여졌다.,9
탑건: 매버릭,진짜 재밌음 꼭보셈 대박임,10
토르: 라그나로크,레드 제플린의 아아아 ~ 는 위대했다!,7
헤어질 결심,헤어질 결심은.. 꼿꼿해요 상업 로맨스 영화치고는 그러기 쉽지 않아요,10
탑건: 매버릭,영화관에서 안 보면 진짜 후회합니다,10
범죄도시2,장르가 마동석 vol.2 강해상이 너무 장첸의 그림자를 지우려는듯한 아무 생각 없이 칼질하는 느낌이라 아쉬웠긴 한데 영화는 개꿀잼,8
마녀(魔女) Part2. The Other One,참신함과 신선함은 1편에서 이미 마무리 되었습니다. 두시간 가까이 앉아서 한편의 영화를 본 것치곤 스토리가 너무 없습니다. 마지막에 주인공 자매가 만났다는 것 이외에는 구지 기억해야 할 장면이 없었어요. 액션신 얘기를 빼놓을 순 없는데 개인적으로 1편의 액션신이 과하지도 않고 훨쉰 멋있고 좋았어요. 2편은 초인적인 걸 넘어서 완전 주인공을 초사이어인으로 만들어 놓으셨던데 이후 시리즈물에서는 장르를 SF나 무협영화로 만드실 작정이신지 모르겠습니다. 기대하고 기다린 만큼 실망도 크네요. 아쉽습니다.,5
탑건: 매버릭,정말 잘 만든 영화 너무 재밌었어요,10
콜래트럴,전개가 빠르고 재밌음.,10
탑건: 매버릭,1편 안 본 사람인데도 엄청 재미있었던.. 특히 전투기 연출이 너무 좋아서 엄청 환상을 가지게 됐네요! 물론 저는 훈련하다 죽을 것 같지만!,10
뒤틀린 집,..레전드;....,1
명탐정 코난: 할로윈의 신부,최고에요 ㅜㅜ 코난 팬 아닌데도 시간 가는 줄 모르고 봤어요 평점 처음 써봐요.. 진짜 재밌게 봄,10
마녀(魔女) Part2. The Other One,마녀3 기대됨 언제또기다리나,10
마녀(魔女) Part2. The Other One,알바들 드럽게 많네... 어두운밤에 인간들은 죄다 검정옷입고 액션질?에일리언VS프레데터2도 이 영화보다는 액션알아보기 쉽겠다...누가 누구를 때리는지 누가 죽었는지 알아보기도 힘들 정도중2병 요소 좀 빼라고 팬들이 그렇게 간곡했고만 응 꺼져~~ 오히려독극물을 영화에 3배 더 뿌려버렸다... 마녀3는 나올일이 절대 없다고 봄. 마녀2가 아주 지구 맨틀까지 닿을기세로 폭망했기에...,1
탑건: 매버릭,꼭 봐야됨 두번 봐야됨 4d로도 봐아됨,10
명탐정 코난: 할로윈의 신부,정말 모든게 완벽했다..내 인생 최고의 영화,10
토르: 러브 앤 썬더,"그냥 애들용 영화, 제작진이 영화 만들기 싫었는지 편집점도 개판이고 내용도 유치하고 베일 연기력만 지렸음. 돈 주고 보는게 아깝고 디즈니플러스에 풀리면 킬링타임용으로만 봐야할 영화인데 1점 주려다 베일 연기력땜에 3점줌",3
더 킬러: 죽어도 되는 아이,헐 알바들 지리네...,2
토르: 러브 앤 썬더,내 인생영화. 너무 재밌음.,10
토르: 러브 앤 썬더,난 재밌었음평점 넘 낮은 듯,10
탑건: 매버릭,완전 최고의 영화에요!!완전 강추강추 ~~,10
엘비스,나에게는 엘지스 프레슬에 대한 모든 걸 새롭게 해준 영화영상미  쇼  연기  그리고 역시 거장 감독,10
헤어질 결심,끝으로 치닫을수록 스크린 밖 존재인 나마저 붕괴되는 느낌,10
토르: 러브 앤 썬더,영화를 보고 집에 와서 라그나로크로 아쉬움을 달래고 다시 토르를 사랑하기로 다짐했다.,6
탑건: 매버릭,말로 설명 할수 없는 뛰어남.. 정말 재미있네요,10
탑건: 매버릭,스토리가 예측되서 약간 노잼..,6
탑건: 매버릭,스토리가 예측되서 약간 노잼..,6
탑건: 매버릭,스토리가 예측되서 약간 노잼..,6
탑건: 매버릭,스토리가 예측되서 약간 노잼..,6
탑건: 매버릭,스토리가 예측되서 약간 노잼..,6
탑건: 매버릭,스토리가 예측되서 약간 노잼..,6
아일랜드,미래에 현실이 될거 같은 인생영화,10
퍼펙트 케어,와우! 넷플릭스서 볼거리 찾다 우연히 시청. 고구마~~ 사이다 고구마 사이닷!!! 멋지고 신선했다:) 결말 나름 만족,10
탑건: 매버릭,와 미친 엄청난 영화를 오랜만에 만나다,10
탑건: 매버릭,근본에 뻔하다고 생각해도 너무 재밌는 그런 영화,10
탑건: 매버릭,옛날생각도 나고 감동도 있고..여하튼 좋네요,10
베르네 부인의 장미정원,영상미는 좋으나 스토리의 개연성이 떨어진다.,6
검객,장혁의 액션연출은 좋았다. 하지만스토리는 너무 빈약했고 악역구성원이너무 후레쉬맨 보는듯한 악역연출,10
탑건: 매버릭,무조건 봅시다!!! 정말 시원합니다!!! 탐크루즈 정말 대단~~^^,10
헤어질 결심,호불호가 갈릴 영화라고 생각합니다.개인적으론 불호,1
탑건: 매버릭,진짜 인생영화...최고입니다..,10
박수건달,너무 재밌어요!! 특히 윤송이? 이 배우 애기로 나오는데 너무 귀여우시네요 ㅎㅎ,9
언차티드,영화 개미쳤음 톰 홀랜드 믿고 봤는데 장난아니네 연출 연기력 재미이 정도일줄은 몰랐는데 개꿀잼이구만 평점 개낮네 진짜 사람들 영화보는 수준이 ㅋㅋㅋ 액션 진짜 보물도 찾고 나와서 실화라서 더 재밌네요~,10
연애 빠진 로맨스,평양냉면 같은 영화였다. 강렬한 맛은 없지만 중독성 있는,8
탑건: 매버릭,그냥 인생영화 그자체. 쿠키영상 없지만 오히려 깔끔하고 좋았다.,10
탑건: 매버릭,미국의 군인 대우는 세계 최고다,10
토르: 러브 앤 썬더,그냥그럼 올해 가장 기대했던 영화였는데...,10
엘비스,화려함 속에 갇혀있던 엘비스 프레슬리를 보게 된다. 두 배우의 호연은 덤.,10
멘,"기겁할 후반부 비주얼, 직관적으로 이해 못할지라도 연출이 좋아 몰입도가 높다",8
스타워즈 에피소드 3 - 시스의 복수,너무 슬픈내용이다……,10
원샷,넷플릭스에서 방금 봤는데 꿀잼인데??? 총격씬은 시카리오 못지않게 뛰어남. 긴장감,10
탑건: 매버릭,존잼 벗 히 이즈... 사이비,10
탑건: 매버릭,미침. 얼른 영화관 가세요,10
탑건: 매버릭,특별한 스토리는 없고 탐크로즈를 위한 탐크로즈 때문에 만들어진 영화   중간까지 지루해서 졸다 보다가 후반부 전투기 비행씬은 멋졌습니다 끝,6
빅샤크4 : 바다공룡 대모험,꽤 탄탄한 스토리에 ~ 캐릭터 하나하나 귀엽고 특징을 잘 살폈어요! Ost 만 더 좋았으면 좋았을듯해요.,8
헤어질 결심,영화가 너무 복잡하고 산만한느낌탕웨이는 넘예쁨,6
브로커,cg떡칠 안되있고 자극적이고 화려한 장면이 없다는 이유로 1점 받을 만한 영화까지는 아니라고 생각 함. 엔딩 크레딧 올라갈때 앉아있으면 잔잔한 여운은 남아있었음근데 다시 볼 의향은 없음,6
헤어질 결심,연기 최고  연출최고  엔딩곡  최고,10
토르: 러브 앤 썬더,별루입니다~~~힝...,2
헤어질 결심,계속 생각이 나게 만드는 영화네요,8
시카리오: 데이 오브 솔다도,"드니 빌뇌브와 에밀리 블런트 없는 시카리오라며 걱정들 햇지만 실상 조슈 브롤린, 베니시오 델토로가 극의 중심을 묵직하게 부여잡고 있고 그 둘을 잊게만들엇다,, 어차피 1편에서도 브롤린, 델토로가 실질적인 주인공이엿고,, 난 사실 1편보다 2편이 좀더 재밋엇다, 3편도 나온다면 브롤린, 델토로가 주연으로 나와주길,,,,",10
탑건: 매버릭,톰 크루즈를 리스펙하다.,8
헤어질 결심,탕웨이 한국말 많이 늘었네..순수한것 같은면서도 색기있는 눈빛.. 스타일 참 좋다.. 한국배우들 연기는 모두 평범한듯.. 그나마 철썩이는 훌륭했음,7
마녀(魔女) Part2. The Other One,재미있네요 마녀3 기대,10
탑건: 매버릭,흔하지 않은 탄탄한 소재와 왕좌를 내려놓고 물려주는 훈훈함이 동시에 존재하는 멋진 영화,10
귀문,"""리얼"" 공포버전",1
탑건: 매버릭,진짜 오랜만에 영화다운 영화를 봤다긴장감 박진감 속도감 그리고 결말까지 예측불허라 쫀득했음 어린친구들이 영화를 본 다면장래희망에 파일럿이라 적을거라고 생각한다그만큰 멋진영화,10
마녀(魔女) Part2. The Other One,1편하고 스토리 개똑같고 자기돌봐주는 가족 OOO 각성하고ㅉㅉㅉ 1편보다 액션 거의없고ㅡㅡ 무슨 2편에서 중국무협 영화 보는줄ㅉㅉㅉ,2
마녀(魔女) Part2. The Other One,평점보다 재밌었는데. 쌍둥이 뒤에 오프닝 멋있고 강자들끼리 싸움 최고. 토우대장님은 이뻐서 정신 못차렸네요.,10
더 렛지,신선하고 타이트한 연출력이 빛나는 영화깔끔하고 재밋다  강추~!영상은 덤.,10
마녀(魔女) Part2. The Other One,1편보단 약하지만 그래도 재밌었다.마녀2가 마녀1보다 더 쎈듯 ㅎ,8
바스터즈: 거친 녀석들,솔직히 진 주인공은 한스 란다임,10
명탐정 코난: 할로윈의 신부,빨리 VOD 나왔으면 좋겠다 질리도록 재탕하게,10
탑건: 매버릭,정말 오랜만에 재밌는 영화봤다고 생각이 드는 영화 이걸 영화관에서 안보면 대체 뭘 영화관에서 본다는거죠?..탑건 1안봐도 이해는 하겠지만 유튭에서 1 요약한거 보고가시면 진짜 탑건 매버릭 2배로 즐길수있음,10
봄,"잔잔한 스토리,살아있는 연기판을 펼친 멋진 배우들,지금은 표현할 수 없는 눈물흘리는 풍경과 모습,서사는 덤.아름다운 영화 ,슬픈 날에 행복하게 잘 봤습니다.내마음을 열렬히 적십니다.",10
브로커,원래부터 좋아하던 감독이고 배우들이라 기대가 엄청 컸었는데... 기대에 반도 못미치는 느낌,6
마녀(魔女) Part2. The Other One,ㅠㅠ 3편은 좀 잘만들기를...흥행 좀 했으면... 하는 바람...2년 넘게 기다렸는데...어설프고 이질적인 목소리 더빙이 영화를 망침,10
굿 윌 헌팅,젊은날 대립되는 삶 원치 않았던 그리고 상처 그리고 사랑 치유 모든것이 완벽했던 영화,10
RRR: 라이즈 로어 리볼트,볼거없어 보다보니괜츈 완츄ㅎㅎㅎ,10
찌라시 : 위험한 소문,찌라시… 정말 위험하네요.  사람의 입에서 나온 얼마나 무서운지…,6
탑건: 매버릭,와….미쳤어요..다시 한 번 더 보고싶은 영화입니다….바로 예매하세요보면 파일럿 하고싶어지는 영화..가슴이 웅장해지는 영화,10
키리시마가 동아리활동 그만둔대,완전재밌음 입시하던 시절이 생각나 공감이 많이 됨 이게 될지 안될지 뭘할지 아무것도 알 수 없어 혼돈스럽지만 아름다운 그 미성숙을 잘 보여줌,10
파수꾼,제 학창시절과 공감대가 너무 많이 생기네요연기력도 일품입니다.,10
그레이 맨,시원시원한 액션은 극장용,10
탑건: 매버릭,"내용이 유추가 됨에도 불구하고 기분 좋게 볼 수 있었음. 연출과 연기력, 그에 맞는 ost가 인상깊음 상영 종료하기 전에 사운드 빵빵한 상영관에서 한번 더 볼 예정",10
탑건: 매버릭,내 짧은 인생에서 이렇게 영화관에서 감명깊게 본 영화가 있나 싶다. 또 보고 싶다,10
마녀(魔女) Part2. The Other One,평점 미쳤냐 잼있기만하구만,10
더 킬러: 죽어도 되는 아이,"장혁의 액션 끝판왕 보는거 같네요....총,칼, 1인자네여기서 원빈 나왔으면 당황 할듯....",8
마녀(魔女) Part2. The Other One,어째 점점 드래곤볼이 돼가는 느낌이지?!다음 편엔 에네르기파까지 쏘는거 아니죠?,6
탑건: 매버릭,이런거 원래 안 쓰는데 진짜 지리게 재밌어서 씀. 꼭 보셈 미쳐돌았음,10
마녀(魔女) Part2. The Other One,평점도 안좋고 비판글들이 너무많아서 기대를 안하고 봤는데요 이게왠걸 진짜너무재밌었고 두번세번네번봐도 안질리는 전투씬이 너무멋있었고 대박입니다 과장 조금보태서 완전 마블저리가라 수준이구요 스토리는 식상했지만 전투씬만큼은 한국영화 그어느것보다 새로웠고 멋있었고 몸에 전율 그자체였습니다 스토리에서 아쉬웠던 부분을 마지막 전투씬에서 다 살려줬네요 처음에 지루해서 졸았다고 하는 댓글들 몇 있는데 그전날 잠을안잔게 아닐까 의심이드네요 중간중간 개그요소들 때문에 저는 오히려 더 신선했고 집중도 잘되고 재미있었어요 벌써 부터 마녀3 너무 기대되네요 마녀2처럼 또 오래기다려야되나 걱정이되네요 마녀3는 좀 더빨리 제작되서 개봉되었으면 좋겠구요 조민수배우님은 분량이 별로 없었던것 같아서 아쉬웠어요 매우 카리스마있고 신비스럽고 멋진캐릭터이신데 암튼 모든 배우들 하나하나 개성있었고 멋졌어요 아직 안보신분들 꼭보시고 너무 비판만하지말아주세요 사람들 관점차이니까요 저는 너무재밌었습니다!!,10
혐오스런 마츠코의 일생,일본 영화를 평소에 좋아하는 편이 아니었는데 지금까지 봐왔던 모든 영화를 잊게 해주는 영화였다.내 베스트 영화 1위가 된 영화.,10
마녀(魔女) Part2. The Other One,마녀1을 10번넘게본 마녀팬인데 1편보다 임팩트가 부족하고 스토리가 좀 난잡함 특히 주인공 소녀임팩트가 너무 부족하고 자윤이 나오는 짧은 내용이 임팩트가 더강한듯 그럼에도 마녀팬으로서 마녀3를 위한 징검다리 내용으로는 충분히 볼만합니다 개인적으로 평점에 비해서는 훨씬 재미있었어요 자윤과 소녀의 마녀3꼭 나왔으면 좋겠습니다,9
그대가 조국,보는 내내 고문당했습니다. 이미 다 아는 사실 다시 곱씹으니 괴롭더군요. 그냥 나오려다 끝까지 봤네요. 힘들었습니다. 조장관님 정교수님 계속 응원하겠습니다.,6
탑건: 매버릭,30년간 기다렸다. 난 그들과 같이 했고 그들은 기대를 저버리지 않았다.,10
마녀(魔女) Part2. The Other One,중국어 실화냐????공부 좀 하지 발음에 충격 받았다..,6
탑건: 매버릭,영화 장인 톰이 36년을 기다린 이유,10
엘비스,엘비스인간으로와서사기당하다,10
창 밖에 잠수교가 보인다,"음악과 영상미가 일단 좋았는데.. 이야기 구성이 왜 이런지 이해가 가지 않았다. 당시 검열 때문에 잘린 건가? 좋게 말해 뮤직비디오 같은 느낌이지만 다르게 보자면 자꾸만 왜? 라는 질문을 하게 된다. 전개가 자연스레 이어져야 하는데 뚝뚝 끊긴다. 불필요한 부분도 눈에 띤다. 정체를 알 수 없는 여인의 전화로 미술관에서 두 주인공의 만나고, 차량 안 에서 초면에 변태 짓을 하는 주인공의 시도가 불쾌했다. 또한 주인공이 착한 역인지 악역인지 모를 애매한 성격과 함께 초반 30분이 되도록 누구인지 알려주지 않는 여주인공의 미스터리 함도 전혀 공감을 할 수가 없었다. 시대적 차이를 최대한 이해하며 보려 했지만 힘들다.이 영화는 상업 영화로 만들어졌겠지만 좋게 말해 예술 영화에 가까운 느낌이다. 내가 이해를 못한 건지 시대가 이해를 안 한 건지 아쉬움이 남는다. 배우와 연출과 영상미가 좋다. 그리고 국민 가수의 박창근 가수가 불렀던 주제곡이 훌륭하다.",5
미드소마,일단 고어영화는 절대아님ㅋㅋ잔인하진않고 뭐랄까 감독관세계가 좀 신기하긴했음,6
명탐정 코난: 할로윈의 신부,봐도 봐도 안 지루하고 재밌어요 영화관도 여러번 갔지만 vod나오면 또 사서 주기적으로 복습할 거 같아요,10
마녀(魔女) Part2. The Other One,ㅋㅋ배우들 연기 너무어색함대사드립 왜나와야하는지모르는 인물들 연출 마녀 1 감독이랑 같은지 정말궁금함카메라 감독이바뀌었나??아니면 편집??너무나 동떨어진 전개 이해하기어려운 몰입도?? ㅅㄹㄱ,2
브로커,"지안, 편안함에 이르렀나?",8
폭풍전야,앤딩은 꼭 저래야만했을까 ... 김남길 목소리가 귀에 맴돈다,10
닥터 스트레인지: 대혼돈의 멀티버스,뭔 장@애@인 같은 영화를 마블이라고 상영하냐;,1
탑건: 매버릭,굳정말좋다 영상 스토리야야야,10
버즈 오브 프레이(할리 퀸의 황홀한 해방),"할리퀸의 행동에 설득력이 없고 몰입도 되지않는다. 빌런이라도 얼마든지 악행을 저지르게 되는 이유와 서사를 매력적으로 만들수있다. 영화 '조커'가 그랬던것 처럼..하지만 이영화는 그렇지 못하다. 또한 할리퀸을 거의 무적 캐릭터로 만들어놔서 영화의 몰입도를 저하시킨다. 이 캐릭터는 초능력이 있는것도 아니고, 무술을 갈고 닦은것도 아니며, 신체를 단련하여 근육이 있는것도 아니다. 의사가 될정도로 똑똑했던 두뇌말고는 일반인일뿐인데 왜 싸우기만 일당백이 되는가? 조커를 만나 정신이 미쳐버렸다고 없던 싸움실력이 생기나? 영화 중반에 대놓고 경찰서 정문으로 침입하며 혼자 경찰관 대부분을 때려눕히는 씬에선 실소가 나온다. 또한 영화 후반엔 블랙마스크의 부하들이 등장하는데 그 수는 대략 100명이 넘는다. 헌데 주인공일행 5명이 상처 하나없이 다 때려눕힌다. 형사와 헌트리스는 어느정도 기술이 있다 쳐도, 어떻게 5명이 100명에게 벗어날수있단 말인가? 그나마 싸움막판에서야 블랙카나리의 초능력이 등장하지만 그것도 적 대부분을 정리하고 난뒤 마지막에 딱1번 나온다. 헛웃음과 함께 같은 DC세계관 무술의 달인 배트맨이와도 성한몸으론 이길수 없을거 같은데 얘들한텐 참 쉽구나라는 생각이 들었다.",1
백야행 - 하얀 어둠 속을 걷다,손예진이야말로 원작 속 '유키호'의 이미지에 가장 잘 어울린다는 것.... 말고는.... 이 영화의 장점을 도저히 못찾겠다...,3
말리그넌트,"한때 고어영화 이것저것 다찾아봤던 고어에 환장했던1인인데 여기저기 잔인하다하던데 하나도안잔인함(기본고어; 호스텔, 텍사스전기톱 같은거에 비하면 암것도아님) 일단 고어나 슬래셔무비정도는 절대아니고영화는 볼만했음",8
봄날은 간다,누군가를 좋아해서 자신을 바닥까지 내몰게 되면 오히려 미련은 안남음. 사랑도 때가 있다. 그때가 그립네 지금은 그럴 용기가 안남,10
마녀(魔女) Part2. The Other One,시간가는 줄 모르고 봤네요. 1은 1에서 끝난다면 2는 무조건 3을 기다리게 만듦.넘 빨리 끝났다,10
찌라시 : 위험한 소문,대배우들 단체로 나오는데 내용은 3류영화 수준이네 ㅋㅋ ㅈㄴ 혼란스럽다,2
토르: 러브 앤 썬더,이해 관계가 낮으면 이해 못해요~하이클래스인데~ 관객들에게 맞춘~주니어들도 간접 토르를 경험한~맷 데이먼과 러셀 크로우가 나올줄 ~ 외국 영화 관심 없는 사람들은 몰라욤 ㅋ  난 헉~ 저 유명인이 여기 깜짝출연~관객들의 기쁨이랬는데 ~울 신랑 내가 헉 한 이유 모름너무 잼잇게 봄 ~ 마법사 나온 닥터스트레인지도 잼잇긴 했지만 ~ 이번 영화 쵝오,10
침묵,기대이상으로 재밌네요.,10
마녀(魔女) Part2. The Other One,마녀2  사람들이 재미없다고 많은글이 있던데 저는 재밌게 잘봤습니다..1편보다 재미있었습니다,10
탑건: 매버릭,생각핮 말고 그냥해,10
탑건: 매버릭,처음으로 평점 남긴다... 가슴이 웅장해지는영화.. 무조건 영화관에서 봐야함..ㄹㅇ,10
사바하,진짜 재미 더럽게 없다.,1
마녀(魔女) Part2. The Other One,이상하네.. 재밌게봤는데 마녀2가 사실 마녀3 스토리였다는데 원래 제작하려던 마녀 충돌편도 보고싶고 이 후 이야기도 궁금 마녀유니버스 환영! 후속작 어서 제작해주세요 감독님 ㅠ ㅠ,8
마녀(魔女) Part2. The Other One,다음편이 기대가 됩니다,10
마녀(魔女) Part2. The Other One,대체 왜 재미가없다는거지? 이해력이없어서 세계관이래를못하나?,10
신비한 동물들과 덤블도어의 비밀,1편의 그 재밌던 스토리가 시리즈가 계속될수록 떨어지는구나..담 작품은 별4개 예약인가..,6
이터널스,어거지로 마블열차에 승선해버리네,6
탑건: 매버릭,최고의 오락영화,9
탑건: 매버릭,아 뭐 말이 필요할까...탐형 대체할 수 있는 배우가 있는건지...액션뿐만 아니라 배우가 가진 파워가 어디까지 영상을 만들어낼수 있는지 생각해보게 되네..,10
라스트 나잇 인 소호,내겐 최고의 영화...,10
마녀(魔女) Part2. The Other One,너무 재밌당~~액숀 짱,10
본 아이덴티티,초반 도입부 사람마다 다를순 있지만 개인적으로 좀 지루했음중반 부분부터 재밌음 근데 마지막까지 주인공이 제대로 왜 기억상실이 됐는지에 대한 설명이 하나도없다 그게 영화가 끝날때까지 풀리지 않는다 영화 자체는 킬링 타임 용으로 재밌고 오래된 영화 치고 굉장히 세련됐다,7
토르: 러브 앤 썬더,타이카 와이티티 감독의 취향 폭주.내내 거슬리는 토르의 새 슈트의 촌스러운 색감.만화를 바탕으로 잘 정제시키던 MCU의 장점을 던져버린 시나리오와 연출.쿠키에서 까지 실망을 주는 비쥬얼.,3
승리호,한국 역대 SF 영화다!!GOOD!!^-^,10
헤어질 결심,김탕웨이로 개명하고십다..,10
명탐정 코난: 할로윈의 신부,"예고편 더빙 너무 번역체라 어색해서 기대 안 했는데 번역체여도 자연스러운 연기로 재더빙해서 좋았음. 그리고 인트로 연출 신박하니 괜찮았고 ost도 좋음! 스토리도 재밌는 편이고 진짜 최근 극장판 중에선 단연 최고. (물론 1~6기는 넘사라서 절대 못 비빔) 무리수 액션씬도 있긴 하지만 적고, 어린이탐정단(소년탐정단) 발암도 없어서 편하게 봄. 코난 10n년차 팬인지라 얘네만 생각하면 피꺼솟이었는데 발암요소없애줘서 넘 감사함. 그러고보니 액션씬도 그렇고 발암탐정단도 그렇고 캐릭터마다 약간씩이라도 싫은 요소 덜 넣어준 거 같아서 너무 감사하네요.. 코난 잘 알거나 연구? 열심히 해주신 듯! 개인적으로 코난 한국이름 좋아하는데, 일본제작사에서 막았다고 들어서 우리나라 말로 일본이름 부르는 건 좀 맴찢이지만 그래도 성우분들이 어색하지 않게 잘 연기해주셔서 감사하고..(근데 개인적으로 아무로씨라고 하지말고 아무로형이라고 하는 게 좋았을 거 같은뎅.. 더빙에서 기준이형이라 부르자나ㅠㅠ) 아니 근데 러시아어는 다들 어떻게 하셨죠..? 고생하셨을 듯..ㅠㅠ 근데 코난 러시아어하는 거 처음 알았넼ㅋ 또 하와이에서 배워온건가ㅋㅋ 간단한 단어 아는 수준이 아님. 그리고 나도 영화관에서 볼 때는 왜 당연하다는듯이 넘어간건지 의문.. 다 보고 나서 생각하니 이상하네. 아 근데 대체 범인의 동기는 뭔가요?? 그냥 쾌락뿐..?하긴 요즘 묻지마살인도 많은데 납득해야하는건가. 아무튼 코난덕으로서 다카사 러브씬도 볼 수 있어서 좋았습니다. 다른 커플들은 봐도 걍 끄덕끄덕하고 별 감흥없는데, 얘네는 뭔가 뿌듯하게 바라보게 됨ㅋㅋㅋ 경찰동기조는 생각보다 적게 나왔지만 아무로 개잘생김.. 제로의집행인할 때만 해도 별 생각없었는데, 이 초코바나나 녀석... 날 홀리다니...ㅡㅜㅜ 그나저나 내 최애인 하이바라는 분량 왜케 적냐.. 늘 아쉬움..ㅠㅠ 맞다 마지막에 내년 극장판 예고해줄 때 다들 반응 장난 아니던데 내년 극장판도 개봉일 맞춰서 봐야지 ㅎㅎㅎ 내년 극장판엔 하이바라 많이 나오겠지 꺄아♡♡",10
크레이지,"생각보다 볼만했던,,",6
탑건: 매버릭,탑건 뽕에 취한다 취해~,10
빅쇼트,아는만큼 보이는영화.. 객관적인 거시경제지식 수준을 스스로 체크해볼 수 있는 영화개인적으로 최고의 영화다,10
헤어질 결심,노출없이 섹시함 숨 맞추며 숨을죽였음,10
감기,여기서도 소방관은 극한직업이구나.... 늘 선두에 서서 싸우고 희생 당하지만 대접은 못받고.... 천불나는 영화.... 미르가 아니라 장혁항체 검사해야한다... 저정도로 시체사이를 뒹굴었는데 멀쩡한 거 보면 슈퍼항체임...,6
탑건: 매버릭,꼭 영화관에서 봐라. 지린다.,10
타락천사,오랜만에 새벽에 담배태우면서 분위기 있었다.,6
마녀(魔女) Part2. The Other One,한국도 이런 영화가 필요했다 조연들 어색한 연기가 조금 거시기 했지만 그래도 이 정도면 훌륭하다 다만 액션8/스토리2 같은 비율이랄까 액션도 좋지만 스토리가 좀 뜻 깊고 딴딴했으면 하는 아쉬움 마녀3 꼭 나왔으면 좋겠음!,10
마녀(魔女) Part2. The Other One,진짜 솔찍히 사람들 말듣고 기대않고 봤는데영화관 안간거 후회됌 겁나 재밌음,10
탑건: 매버릭,코로나 괜찮아지고 처음으로 본 영화인데 기대없이 봤는데 진짜 그냥 완벽했음돈주고 한번 더 봐도 괜찮은 영화임,10
버즈 라이트이어,억지PC 안넣으면 월급이라도 뺏나보다... 예전엔 그러려니 하고 넘길 장면들이지만 여기저기 꾸역꾸역 넣는 PC질 꼬라지보니까 보기만해도 역함,5
원샷,액션성이 좋은 영화다. 하지만 보는 내내 적군의 바로 근처에서 은밀기동하는 모습을 보고 아무리 영화라지만 너무 현실성 없는 것 아닌가 생각이 들었다.,8
탑건: 매버릭,다갖췄다. 나 비행기 좋아했네,10
엘비스,미국의시대적 배경까지 생각하면서 보면 이해하기 좋을듯 하지만 한편으로는  재미라는 소재면에서 호불호가 많이 갈릴듯 함 같이 보러갔던 사람도 무척 불편한 영화라고 했는데 끝까지 보고나면 그말이 이해가 안되진않음,8
마녀(魔女) Part2. The Other One,"유치하다. 어설프다. 조잡하다.  3하다로 끝남. 이러고 마지막에 3편을 기약하던데.. 양심이 없네. 어떻게 1편이랑 퀄리티가 이렇게 떨어지지.. 감독 바뀐줄알았다. 주, 조연 연기들은 또 왜이리 어색하냐.. 똑같은 감독인데 대체 먼일이 있었던겨. 요약 : 1류에서 3류가 됨.",1
탑건: 매버릭,레이디 가가 OST + 감동애틋 스토리 + 전투기 액션 = ???,10
헤어질 결심,와 이런 천재예술가감독이 한국에 있다는게 정말 가슴 벅차네요 ㄷㄷㄷ,10
탑건: 매버릭,너무 재밌어서 보는 내내 뒷 내용이 계속 궁금해짐.. 보면서도 와 재밌겠다 하면서 봄 진짜최고,10
브로커,생각이 많아지는 영화. 감독이 일본 사람이라 그런가 일본 가족영화 특유의 전개나 연출이 느껴짐,8
명탐정 코난: 할로윈의 신부,마츠다…..사랑했어… 다시 돌아와라……..,10
헤어질 결심,나는 아직 어린가부다... 뭔말인지모르겠음...,6
더 킬러: 죽어도 되는 아이,액션만 볼 만함. 스토리는 별로임.,6
마녀(魔女) Part2. The Other One,겉멋이 가득 들어있는 인물들과 액션 오락영화로는 좋았다 .,6
비바리움,그냥 노잼에 기분이 더러움 이걸 굳이 봐야함?,3
브로커,"한 생명의 탄생과 가족, 사랑은 계획된 선택의 결과일수도 있지만 운명과 우연을 가장해 찾아오고 지켜내는 것일지도 모르겠다는 생각이 든다. 예기없이 찾아온 소중한 그 것을 지키기위해 우리는 무엇을하고 선택하는지...",8
온리 더 브레이브,자연앞에선 너무나 무력해지는 인간. 마지막 실물인물들 나오는데 20대 초반 중반 생각했건 것 보다 나이가 너무 어려 더 슬프네요ㅠㅠ,10
토르: 러브 앤 썬더,사랑과 함께라면 누구든 히어로가 될 수 있어!,6
마녀(魔女) Part2. The Other One,강한 척 하는 빌런들이속속 등장하는 씬이 재밌었다.,10
버즈 라이트이어,To infinity and beyond.,6
탑건: 매버릭,22년 상반기 오락영화의 최고봉,10
탑건: 매버릭,마하 10을 원하면 마하 10.3을 주는 영화!,8
뒤틀린 집,보고왔는데 너무 무서웠어요 ㅠㅠ 강추! ! 다 보고 지금 집가는 길에 생각나서 오들오들 떨면서 갔어요 마지막에 결말까지 완벽!,10
로스트 도터,2022 .07.14 개봉,6
엘비스,개인적으로 보헤미안 렙소디를 뛰어넘는 명작이라 생각합니다.,10
주(咒),"7월 17일 11시 58분, 치킨을 시켜 영화를 틀었다. 2시 30분 경 주인공이 눈을 가리고 불상에 씌워진 천을 치우고 불상의 얼굴이 나오자마자 현관쪽 불이 켜지고 티비가 꺼짐 시계는 기가지니에 전자시계는 11시 58분을 가리킴;;;; 나중에 우연에 우연이 사람을 잠 못자게 함;;;  무슨;;;;",4
탑건: 매버릭,극장에서 정말정말 재밌게 잘 봤습니다 ^^,10
뒤틀린 집,괜찮게 봤어요 ㅎㅎ 같이 보신 분은 아주 무서워 하시더라구요.,8
헤어질 결심,"마침내, 누군가의 사랑은 헤어질 결심으로 완성된다.",8
체리마호: 30살까지 동정이면 마법사가 될 수 있대,드라마 팬들에게 이보다 더 좋은 선물은 없을것 같아요 앞으로도 계속 함께 현실을 살아가야 할 아다치 쿠로사와가 행복해지길 바랍니다,10
야구소녀,이건 성별과 상관 없는 인생에 대한 이야기 입니다. 누구나 인생의 목표 앞에서 좌절하고 다시 그 목표를 위해 최선을 다하고 또 다시 좌절하고 다시 한번 삶을 모색합니다. 그게 인생입니다. 그 치열한 과정을 잘 묘사했기에 큰 울림이 있었던 영화였습니다.,10
마녀(魔女) Part2. The Other One,뭔 애들도 안볼 어린이용유튜브연기를 하고 있냐 나오는 애들 다 뭐냐??와....나한테 투자해 이것보단 재밌게 만달 수 있어한마디만 할게. 정체성을 잃은 영화임 어색한연기자들 대거채용에 먹히지도 않는 개그코드에 여자 총쏘는애는 뭐 투자자냐??? 연기 개저는데 하루종일나오네,2
마녀(魔女) Part2. The Other One,1편을 재밌게봐서 기대하면서 봤습니다. 러닝타임 긴데도 안지루 하고 재밌네요스토리만 좀만 더 탄탄했음 완벽했을듯! 그래도 재밌게 봤습니다!,9
명탐정 코난: 할로윈의 신부,스토리의 진행이 너무 좋아요,10
바스터즈: 거친 녀석들,참 괜찮은 영화.쿠앤틴 뇌는 존경스럽군.,10
탑건: 매버릭,잘 만들어진 영화!가슴벅찬 감동!탑건1도 함께 추천합니다~~^^,10
토르: 러브 앤 썬더,뭔가 기억나는게 없음..,5
연애 빠진 로맨스,영화 정말 별로였음. 초반부터 내용이 전혀 공감이 안되고 그렇다고 가벼운 유머조차 재미가 없음.   대본과 연출이 심각해서 못볼 지경..  놀만큼 놀던 시절에도 저런 저급한 생각 안하고 삽니다.. ㅋㅋ 모르면 간접으로라도 인생 좀 알고 영화 만듭시다. 배우들 대본 고르는 수준과 관객들 영화 보는 수준들 진짜.. 진지하게  혼자 욕 좀 하고 갑니다. 이런 영화 만들며 시간 낭비하지 맙시다. ...,2
더 킹,김의성 정우성 배성우가 왜 항상 정치적으로 행동하는지 알게해주는 영화항상 이런 시나리오만 보니명징하지 않은 관계를 명징하게 보려해서반쪽만 보게됨 ㅋㅋ,1
씨 비스트,잔잔하게 힐링되는 영화.. 순수하고 동화같은 스토리,10
닥터 스트레인지: 대혼돈의 멀티버스,"영상미는 역시나, 멀티버스 설정은 흥미롭댜",10
비바리움,흡입력이 뛰어나고 연출이 독보적이다. 기괴한 분위기와 창의력이 대단하다. 명작,10
무뢰한,"내내 힘이 잔뜩 들어간 듯한 느낌을 지울 수 없지만, 전도연의 팜므파탈 연기만큼은 최고다",8
마녀(魔女) Part2. The Other One,그냥1본사람은보세요쩝니다구성도좋아요강추진심으로,10
아포칼립토,처음부터 끝까지 박진감넘치는전개 멜깁슨의 최고의영화,10
통증,뻔한 이야기같지만 뻔하지않은요소가 있었고 우연찮게 봤다가 영화끝나자마자 다시보기 하고있어요 권상우님 연기 일품 ... 연기 이렇게 잘했던가요 ㅠㅠ,10
섹스 스캔들,스토리가 급전개 되는 느낌이 있기는하지만 재밌고 교훈적임 남자들이 많이 볼법한 영화에 이런 주제를 담는게 힘든데 자연스럽고 어색하지않았음,8
드라이,악인의 메마른 감정처럼 이제는 메마른 돌아갈 수 없는 그날의 강,7
쥬라기 월드: 도미니언,실망이야최악이야정말,1
탑건: 매버릭,기대하고 봤는데 기대 이상,10
헤어질 결심,좋아할수밖에 없는 영화…,10
아무도 없는 곳,소설 <상실의 시대>가 생각이 났다. 우리는 어떻게 살아가야 하는가.,8
명탐정 코난: 할로윈의 신부,이때까지 본 코난 극장판 중에서 제일 재밌음 키키,10
마약왕,아오 열받아 뭐라고 하는지 전혀 알아들을수가 없잖아,10
그레이 맨,"그냥 ott용 영화이상외엔 감흥이없다물량이 중요한가.,.. 참신함이 너무 부족해 넷플로 뜨는듯",6
코코,내가 기억하는 한 당신은 영원히 살아있어요.,10
탑건: 매버릭,지림,9
탑건: 매버릭,좋았어요 !! 재밌었어요,10
탑건: 매버릭,올해 최고의 영화!! 꼭 보세요,10
토르: 러브 앤 썬더,"왜이리 평이 안좋은지 잘 모르겄지만,,,물론 이번 편이 막 심오하고 굉장히 깊이감 있거나 한 그런 무게감의 스토리는 아니였지만 나름대로 토르만의 재밌는 분위기를 잘 연출하고 나름의 감동도 꽤 있어서..그리고 후속편을 위해 꼭 필요한 내용들이기도 했구...저는 보는걸 추천드립당!물론 영화는 다들 개인 취향이 있겠지만요..",9
헤어질 결심,눈물은 한방울도 안 나오는데 너무 슬픈,10
쥬라기 월드: 도미니언,쥬라기공원 완결판이라고 하지만 전편들이 잘 기억나지 않아서 완결판이라는 느낌은 안들었어요,9
시동,"솔직히 한국영화 잘 안보는데. 조폭..어색한 사투리연기, 국뽕,,억지감동 이런거 너무 싫어해서요. 근데 이거 할일 thelove게 없어서 봤는데 후반부분만 빼고는 병맛 좋아해서 엄청 웃으면서 봤습니다. 근데 어땠든 조폭이 빠지지를 않네요.",10
탑건,영화가 참 잔잔하다 파일럿에 관한 영화라기 보단 조금 외설적인 로맨스 영화 같다 클래식 명작? 당시 기술력으로 이만큼 찍은거 대단한데 솔직히 감동을 느끼지 못했다 탑건 매버릭은 재미는 확실히 주었는데,1
브로커,이지은과 강동원이 너무 맞지 않는 옷을 입은 듯함. 원래 두 배우의 전작들 좋아했지만. 이번  이지은은 너무 '연기'하는 느낌이라 별로였다. 아이유로서의 삶이 너무 성공적이고 개인이ㅣ 부유함을 너무 드러내서 그런지 이런 캐릭 이질감 느껴짐. 강동원도 밸런스가 나빴다.,6
"지금, 만나러 갑니다",진심 이게 영화다... 내가 휴머니즘 영화를 끊을 수 없는 이유.,10
아메리칸 셰프,유쾌해지고 싶을때 자꾸 꺼내보게 되는 영화.몇번을 봤는지 모르겠네요.,10
엘비스,매니저는 둘째 치고 아버지 인간말종 보고 찢어발겨죽이고싶었다영화관에서 저런 BS ㅅ끼 속으로 계속 외치고 말로 너무 하고싶었음 세상에는 쓸모없고 벌레만도 못한 인간이 있단걸 잘 깨달음 사람만 잘 만났어도 많이 달랐을것같은데 쓰레기들은 계속 다가오고 접근한다 그러니 직접 다가가야 하나보다,8
피는 물보다 진하다,보면서 열불나는 영화는 오랜만에보네 답답한영화였음,1
신용문객잔,칼잡이가 최고고수다 ㅋ,10
크루엘라,마지막에 나온  크루엘라 드빌 ~ 노래 안나왔으면 서운할 뻔,10
탑건: 매버릭,"너무 재밌게 보았음..오랜 세월이 지나 같은 배우가 시즌1과 개연성있는 스토리가 담겨 있어, 더욱 더 재밌었음몇OO 후에 꼭3가 나왔으면...!!",10
헤어질 결심,"결핍을 채우는 단일한 존재로 서로가 서로의 해결인 줄 알았지만 그들을 기다리는 건 결국 반복되는 결핍과 괴로운 징벌이었고 파도는 마침내 소용돌이를 만들 뿐이다.박찬욱, 탕웨이, 박해일과 동시대를 살고 있다는 것 자체로 감사합니다. 필히 영화관에서 봐야할 수작이에요. 벌써 개봉하고 3회차 봤는데 이제 매년 안개 끼는 날마다 보고싶네요.",10
뱀파이어와의 인터뷰,엔딩씬에 10점 갈겼다... 레스타 이 미치도록 아름다운,10
탑건: 매버릭,인생 최고의 영화 1위 탑건 2위 탑건매버릭,10
킬러의 보디가드 2: 킬러의 와이프,cg 너무 티가나서 집중이 방해됨...,6
악녀,오토바이씬 대놓고 대역이구만 무슨 김옥빈이 다 했다는건지....  스토리도 이 영화 저영화 짜깁기 수준 ㅜㅜ 자동차 뒷자리에서 맥락없는 김서형의 흡연 장면도 어색 ....  너무 아쉬운 면이 많습니다.연기 잘하시는 배우분들 모셔다가 왜이리 연출을 했는지 정말 아쉽네요 .  쬐끔만 더 신경 썼으면 더 잘 만들 수도 있었을것 같은 아쉬움이 많이 남는 영화네요 .,4
탑건: 매버릭,영화관이 존재해야하는 이유!,10
아들의 이름으로,에휴.. 전라도는 이제 좀 지겹네,1
탑건: 매버릭,"일반관, 스크린엑스, 4dx ,총3회관람함..4dx로 무적권 봐야되는 영화.. 그저 빛 그자체평점 잘 안남기는데 남김...",10
노예 12년,영화를 보는 내내 내 맘 깊은 곳이 보였다. 너무 부끄럽고 너무 아프다...,10
탑건: 매버릭,"탑건2는 매버릭을 전설이 아닌 신화로 만들어 버렸다... 탐 크루즈 최고의 영화,, 꼭 극장에서 봐야된다.",10
큐어,피곤한 상태로 봐서 그런가 잔잔해서 넘 졸려서 졸았음..ㅠ 컨디션 좋은 상태로 봤으면 달랐으려나,6
헤어질 결심,잠을 못자겠어요 ...죽을걱같아요,10
헤어질 결심,크레딧에서 익숙한 노래가 흘러나오는데갑자기 울컥하는 기분이 들었다.영화속에 들어있는 상징들다시 한 번 보면서 뭔지 제대로 알고 싶었지만다시보면 이 느낌이 깨질까봐 망설여졌다.내 안에 영원히 미결로 남기고 싶은 영화였다.그리고 탕웨이라는 배우...배우 한 명이 이 정도로 많은 서사를 품고 있다는게 놀라웠다.정말 대단한 배우구나 싶었다.,10
마녀(魔女) Part2. The Other One,관객들 낮은 평점에 속을뻔마녀 답다 마녀3 기대된다,8
탑건: 매버릭,넘 멋짐!!!  첫장면부터 설렘 감동ㅠ,10
속닥속닥,연기도 못하고..연출고 구리고..스토리도 조잡스럽구..보고자한다면 보지마세요.답답 유치.. 우리 나라 영화는 아직 갈길이 머네요..,1
탑건: 매버릭,흠잡을데 하나 없는 내 인생영화,10
탑건: 매버릭,진짜 너무 너무 재밌었고 남들도 꼭 봤으면 좋겠네요,10
탑건: 매버릭,진짜 너무 재밌어서 깜짝 놀랐습니다.액션 감동 등 후속작으로 나온 모든 영화 뛰어 넘습니다 꼭 보세요 제발 봐주세요.,10
탑건: 매버릭,"일반 상영관에서 1회, 4D에서 1회 관람했습니다. 10점 드립니다.",10
탑건: 매버릭,코로나이후 첫영화관 이것보러 감돈하나도안아깝고내가 비행하는느낌이들어 짜릿감최고,10
엘비스,톰 행크스의 킹받는 연기 굿과거 무대 재현도 괜찮은 편인듯.,10
토르: 러브 앤 썬더,탑건 4d 스크린엑스돌려달라는건동의하지만 비교보다는 이영화자체로 훌륭한스토리 원작따위바꿔버리는 잔잔한 드라마. 이게디즈니다 결말완전마음에든다,10
테이큰,"딸이 괴한들에게 기어이 납치되는 순간, 수화기너머로 들리는 딸의 비명소리를 듣는 아버지의 촉촉해지는 두 눈동자 그렇지만 마음을 다잡아가는 그 과정을 연기하는 리암 니슨의 연기 내공이 환상적이다. 역시 대배우답다.",10
탑건: 매버릭,미쳤다 말이 필요없네무조건 영화관에서 봐야하는 영화10점도 모자르다. 10점만점에 100점주고싶다.,10
마녀(魔女) Part2. The Other One,토우는 cg가 연기 대신해주는 신공을… 캐릭터 없는 편이 나았을 거 같은 배역들이 꽤 있어요 ㅠㅠ,4
반지의 제왕: 반지 원정대,4번째 정주행한다진짜 최고의 판타지영화,10
헤어질 결심,말이 필요 없다. 수준 높은 박찬욱 스타일의 사랑 이야기,10
탑건: 매버릭,10점 줄려고 달려왔습니다,10
1917,잔인한 전쟁 속에서도 인간다운 모습들은 존재한다.,7
탑건: 매버릭,중학생때 탑건 봣는데 톰오빠 여전히 멋잇고 연기최고에요~! 전투기에 내가 앉아잇는거 같은 착각이 들정도. 나도 모르게 고개가 좌우로 ㅎㅎ고도상승할때 얼굴힘들어가고..  전투기씬 스릴감 최고에요,10
삼양동 정육점,쓰레기영화 여배우나 남자배우나 그러니 이뒤 에 나온 영화실패작 이거나 뱨우들이 빛을 못보지 영화 잘골라서 출연해라,1
공공의 적,"설경구의 “강철중” 캐릭터는 한국 영화 역사상 가장 인상적이고 강렬한 경찰 캐릭터이고, 악당을 처리하는 이야기는 충분히 몰입이 된다. 단지 사건 해결에 있어 디테일은 조금 아쉽다.",7
탑건: 매버릭,다른 등장인물은 블러처리된듯..  톰만 보이는 신기한 경험을 하고 옴,10
청년경찰,내 인생 영화 탑 3 여러번 봐도 안질림,10
탑건: 매버릭,진짜 내가 본 최고의 영화였다,10
마녀(魔女) Part2. The Other One,1편이 뭐 엄청 대단하게 뜬줄 착각하는듯..아무 내용도 없음.,2
마녀(魔女) Part2. The Other One,재미만 있구만!!..,10
지금 만나러 갑니다,내 인생영화 top2 여러번봐도 질리지 않음점점 익숙해지다가 후반쯤에 감동,10
군다,"무인의 풍경, 가축의 원운동을 트랙터와 트레일러의 직선 운동이 가로지른다. 보기보다 영리한 Гунда는 전기 울타리를 넘어갈 수 없다는 사실을 기억하고 있다. 돼지는 돌고 돌아 혼자였던 처음으로 돌아간다. 지능이 높은 동물일수록 짙은 감정을 느끼는 걸지도 모른다.하지만 세계가 개체에게 내리는 근원적 가르침은 불공평이며 생태계의 전제는 먹이 사슬이다. 파리는 제3 세계 난민이든 가축이든 가리지 않고 저항할 수 없는 생물 위에 앉는다. 유기체는 자연스럽게 유기체를 먹어 왔고 따지자면 식물 역시 생물이다. 비건은 캣맘처럼 주장의 시-발점 자체가 모순이다.",6
더 킬러: 죽어도 되는 아이,미친 이거 댓글 주작이에요 보지마세요네이버 이런식으로 영화 홍보하지마세요,2
낙원의 밤,1점도 아깝다 ㅋㅋㅋ이게 느와르냐 제주도 힐링영화냐??유일하게 볼만한게 차승원이 재밌게 연기하는거 그거하나다 OO거,1
명탐정 코난: 할로윈의 신부,"이전 코난 극장판과는 다르다!! 이제야 진짜 원래대로 돌아옴..연출부터 인물, ost까지..완벽 ㅜㅜ",10
용루각: 비정도시,봐야합니다 두번봐야합니다,10
삼양동 정육점,단언컨대 이 영화는 제가 40가까이 살면서 봤던 영화중 최악입니다.,2
명탐정 코난: 할로윈의 신부,코난 역대급임 요새 나오는 코난 보면서 뻔하다고 생각했는데 그냥 미쳤음 말로 표현이 안된다,10
탑건: 매버릭,포디 안보면 살면서 할수있는 전율끼치는 경험중 하나를 못해보는것과 같습니다,10
탑건: 매버릭,설명 필요없는 최고의 영화,10
마녀(魔女) Part2. The Other One,3편이 기대됨 1편보고 2편 기대한거처럼 꼭 미국sf보는 느낌,10
헤어질 결심,그럭저럭 괜찮긴 한데 뭔가 저는 감정이입이 안 됐어요. 근데 영화 끝나고 나서 좀 먹먹하더라구요. 그래도 기대를 좀 해서 그런지 기대이하였어요.,6
탑건: 매버릭,톰크루즈가 대단하긴한데 그냥 대단하긴하다. 그때 그 OST가 나올락 말락.,6
닥터 스트레인지: 대혼돈의 멀티버스,난 재미있는데. 그런데 진짜 음악 마법은 너무 뜬금없다.,9
탑건: 매버릭,전체적으로 넘 재밌었어요.. 확실히 4DX로 보니까 더 재밌고 몰입 되는 것 같았고 개인적으로 OST가 정말.. 웅장하고 영화랑 너무너무 잘 어울려서 보면서 감탄했어요 사람들이 재밌다고 하는 데에는 이유가 있구나 싶은 영화ㅎㅎ,10
엘비스,보헤미안 랩소디 보다 훨씬 즐겁게 봤습니다 시간가는줄 몰랐네요 위인 엘비스!,10
탑건: 매버릭,진짜 재밌음 설명 할 수 없는 감동?,10
마녀(魔女) Part2. The Other One,엄마랑 같이봣는대 둘다 잘뻔햇어요,1
헤어질 결심,"끝날때 부터 눈물이 흐릅니다이렇게도 사랑할 수가 있다니,,마지막 음악이 나오면서 점점 눈물이 더 차오르는데너무 일찍 불이 켜지고 직원들이 들어와서감동을 더 느끼지 못한게 아쉽네요",10
탑건: 매버릭,"처음부터 끝까지 점점 흥미가 올라가는 영화, 마지막엔 피크찍음",10
캅샵: 미친놈들의 전쟁,대존잼임 이거 ㅋㅋ 6점짜리 영화 절대 아님,10
토르: 러브 앤 썬더,평점 너무안좋아서 기대를 너무낮춰놔서 나쁘지않았어요 그치만 여운1도 안남고 b급액션영화본느낌,7
그레이 맨,흔해빠진 재료로 끝장나는 요리를 선보이는 장비 좋은 쉐프. 뭐 어쨌든 맛있다,10
원샷,총을 줍자 땅에 깔린게 총!!,4
RRR: 라이즈 로어 리볼트,몇년간 본 영화중에 최고..마블 다 씹어먹고 마동석도 상대 안됨ㅋㅋ어떻게 이런 상상을 할 수 있을까 감탄의 연속..우리나라 일본식민지시대랑 대입되어 너무 통쾌하고 신나네요!요 감독이 기생충 보다 잠들었다는데 이영화 보니잠들만합니다..,10
토르: 러브 앤 썬더,재밌는데 왜 평점이 낮지ㅠㅠㅠ영화관에 웃는사람들도 많고 최근 토르 이미지 변한거에 잘 어울리는 스토리였음~!오히려 코믹부분 추가된게 더 좋았어요~,10
헤어질 결심,깊은 바다에 버려요 아무도 못 찾게 나의 마음을 친절한 형사의 심장을,10
빅샤크4 : 바다공룡 대모험,너무지루했어요 공룡과바다동물좋아하는 아인데모사사우르스 하나만 몇번나오고 바다동물은 아예 나오지도않고 로보트끼리 얘기만주구장창하는데 감동도스릴도영상미도웃음포인트도없음제목이왜빅샤크인지 모르겠고 차라리 시끌벅적유치뽕짝라도했으면 그림이라도봤을텐데.빅노잼,1
그대가 조국,적당히들 해라 대깨들아,1
마녀(魔女) Part2. The Other One,재밌는데 왜 평점이 낮징..ㅠㅠ,10
헤어질 결심,제목은 헤결이지만 둘의 이야기는 미결로 남았다.,9
브로커,평점 무슨일...슬프네요...,8
마녀(魔女) Part2. The Other One,재미있었네요 토우가 쌔네용ㅋㅋ 재밋엉,10
쥬라기 월드: 도미니언,내용이 완전 산으로 갔네. 공룡영화인지 액션영환인지...보다 졸았다 ㅋㅋ,2
노 원 리브스,오리지널 스릴러영화라기보다는오락성을 가미한 블랙코미디영화에 가까운듯.악마를 보았다. 같은 경우 악인의 끝을 본것같은 충격이 있었는데,6
명탐정 코난: 할로윈의 신부,그냥 잘생겼음 쿠키영상 끝까지 꼭 보세요,10
토르: 러브 앤 썬더,토르를 1편부터 쭉 봐왔고 재미만을 위해 보는게 아니라면 절대 실망 안함,10
차이나타운,짜임새 좋고 잘만들었네요. 잔인하지만 여운이 남습니다..,10
탑건: 매버릭,우렀따,10
탑건: 매버릭,"감동, 낭만, 슬픔, 액션 다 들어있는....",10
탑건: 매버릭,"영화 정말 오랜만에 봤는데 스토리도 있고, 좋은 영화입니다. 잘봤습니다.",10
헤어질 결심,"박찬욱감독의 영화를 보러갈때는 폭력성과 선정성에 대한 마음의 준비가 필요했었다. 이번에는 그저 편하게 미장센과 배우들의 연기, 음악을 있는 그대로 느낄수 있어 좋았다.  박찬욱감독의 새롭지만 그다운 작품.",10
더 킬러: 죽어도 되는 아이,앞으로 그 어떤 킬러도 장혁한텐 안될 것 같네요장혁 하면 킬러킬러 하면 장혁 이젠 장혁이 어떤 연기를 해도킬러 이미지는 못 벗겠네요,10
탑건: 매버릭,재밌어서 또 보고싶어용ㅎ,10
헤어질 결심,가불은 불가를 이은 원전완전안전..,10
디어 에반 핸슨,노래도 너무 좋지만 중요한 메시지를 잘 전달함. 전혀 지루하지 않던데,10
나이트메어,공포영화 시리즈의 레전드,6
원스 어폰 어 타임... 인 할리우드,감독녀석 치매왔나? 레오나르도 디카프리오와 브래드 피트로 이딴 노잼 영화나 만들다니 ㅋㅋ,1
큐어,들여보고 싶지 않은 내면의 악함을 마주했을때 느껴지는 진한 불쾌감이 영화를 보고나서도 계속된다.,9
명탐정 코난: 할로윈의 신부,역시나 너무 재밌어요ㅠㅠㅠ,10
레디 플레이어 원,한 영화에 이런 세계관과 상상력을 사용한다는 것은 초인적 능력이다,7
마녀(魔女) Part2. The Other One,액션 연출이 뭔가 허전하고 인물간 개연성이 약하고그래도 하지만 기다려지는 영화이종석은 진짜 믿고 거른다,6
너를 죽이고,한정된 공간 안에서 각각의 인물들이 돈을 목적으로 김미정의 존재를 찾기위해 풀어가는 긴장감있는 전개가 흥미로웠습니다. 영화 잘 봤습니다!!,8
탑건: 매버릭,그냥 모든 면에서 인생영화입니다. 미쳤습니다.,10
토르: 러브 앤 썬더,다가올 MCU 페이즈4의 광고판. PC 묻은 수위는 제2의 스타워즈.Thanos was RIGHT!,1
변호인,오랜만에 다시 봐도 최고의 영화네요,10
탑건: 매버릭,내가 전투기 타고 있는 듯한 느낌..,10
변호인,오랜만에 다시 봐도 최고의 영화네요,10
마녀,다 좋은데 액션 연출이 뭔가 아쉬워..,4
멘,"서양 문화에서 성경을 기반으로 장면들이 구상되어있고, 데이트폭력과 연인자살에 트라우마 있는 관람객들에겐 매우 치명적인 공포를 선사하는 영화입니다.19세 영화에 걸맞는 연출이 맞으며, 일반인들은 납득하기 어려운 상황또한 많습니다.단순히 성경을 이해하지 않고 본다면 일반인 시선에서 해석할 꺼리는남편이 자살한 사건 이후로 악몽이 시작된 것으로 이해하시면 편할겁니다관람객들 스스로 해석하기에 재밋는 영화이며,개인적인 해석중 하나는 조명의 깜빡거림은 주인공이 문득문득 떠오르는 악몽들을 표현한것으로 생각합니다. 주인공의 가장 큰 트라우마는 역시 남편이다보니 엔딩에 표현되었고토속신앙에 대해 민들레씨는 정자와 난자의 수정을 표현하였습니다.주인공 친구가 임신해서 도착한 장면 또한 악몽에서 벗어난게 아니라고 해석됩니다.",10
탑건: 매버릭,간만에 진한감동받고 나온 영화다시 보고싶은영화 최고입니다,10
헤어질 결심,왠지 모를 불편함 속에서 해준과 서래의 감정을 따라가게 된다.쉽지 않은 영화만큼 이 영화가 주는 여운은 더 깊었다.복붙같던 영화들 사이에서 진정한 영화를 본 느낌이었다,10
너를 죽이고,"허허 넷플릭스... 요즘...방향을 잃어가는건지, 방향을 새롭게 잡고 가는 건지... 오늘 휴일이라 뒹굴며 용루각1,2, 너를 죽이고 봤는데...ㅎㅎ 다... 나의 상식선에서 봤을때 영화 연출,연기,스토리 등 희한하게 감... 근데 이 영화들이 썩 몰입감은 없는건 아니라서...안끄고 ""그래 뭐라하나 보자"" 하고 일단은 끝까지 보긴 봄... ㅎㅎㅎㅎ 이후 내가 뭘 본건가...나만 끝까지 봐놓고 비판하는건가...다른사람 의견찾아보는데 시간 또 쓰는데, 사람들 다 화나있음... 이걸 생각하면 아~무~생각없이 킬링타임 해보고 이게... 맞나... 하고 검색하게 만드는게 넷플릭스 의도인가... 싶기도함ㅎ 그래서 그 의도라면 평점 4점 고고!",4
마녀(魔女) Part2. The Other One,기다렸던 만큼의 기대감이 없었어..,4
갓파 쿠와 여름방학을,정말 명작입니다ㅠㅠㅠㅠ너무 감동받았어요..,10
클래식,이영화에 더이상 말이필요한가,10
데드캠핑 더라이브,속이다시원 근데최후빌런 너무빨리죽임,10
1987,특정 세대 뿐만이 아니라 많은 국민이 알아야할 사실,8
베네데타,생각보다 인상적인 영화 욕망과 신앙에 대해 생각해보게 만듬,7
헤어질 결심,.,10
헤어질 결심,프랑스 칸 영화제에서 감독상을 수상한 이유를 충분히 알 수 있는 작품이었다.,10
마녀(魔女) Part2. The Other One,조민수 쌍둥이에 대한 얘기도좀 넣고 했음 더 좋았을듯 나오는 연기자들 토우들? 연기학원 학생들 몇명 데려다 쓴거 같아요ㅠ주인공도 대사도 별로없고 cg가 다 알아서 해줌,6
토르: 러브 앤 썬더,액션도 밋밋...서사도 밋밋..이제 마블의 몰락 시작,6
하우스 오브 구찌,기대보다 별로였음,6
탑건: 매버릭,톰 크루즈가 왜 탑인지 알수있다,10
헤어질 결심,미장센이 훌륭하지만 그뿐이다.,7
엘비스,영화보는내내 떨림.조마조마.. 2시간40분언제지났는지 몰랑^^,10
스파이더헤드,재평가가 필요하다..,10
탑건: 매버릭,성능좋은 F15기,10
브로커,"그래 뭐 결말은 괜찮은데 씬 구성이 촘촘하지 못했어서인지 중간중간 개연성이 없어보임, 소설책을 대충 급하게 후루룩 읽은 기분",6
퍼펙트 케어,당신은 사냥감인가 포식자인가,10
마녀(魔女) Part2. The Other One,"제가 본 이 영화는 굉장히 신선한 기분이였어요~ 액션신을 했던 모든 젊은 배우님들의 캐스팅이 너무 멋졌던거 같아요~ 만약 오래 보아왔던 익숙한 배우님들이였다면 조금 지루했을거 같은데요 ^^;;;; 정말 최고였던거 같습니다~표정, 억양 등 제가 보는 시선에서는 정말 최고였던거 같습니다~ 감독님의 액션 구성도 최고였구요~ 정말 잘 만드신거 같아요~♡오랜만에 박진감 넘치는 멋진 영화 본거 같아서 기분 좋으네유~^^♡",10
뒤틀린 집,뭘 봤는지 모르겠어요..,6
탑건: 매버릭,완벽함 절대 보고 후회안함,10
1917,이 영화를 볼때만은 내가 제3의 분대원이 된것 같았다.,8
더 킬러: 죽어도 되는 아이,"액션 영화면 평점 신경 안쓰고 즐겨보는 사람으로서 액션은 좋습니다. 다만, 저와 같은 분들이 아니라면 실망이 클수 있을듯 하네요~! 스토리/액션 비율을 따진다면 1:9 느낌이에요 ㅎㅎ..",4
탑건: 매버릭,레전드 인생영화 개꿀잼,10
멘,무료쿠폰으로 보기엔 나쁘지 않았음,5
주(咒),"한 때 ""이 댓글을 보면~"" 저주 퍼붓는 댓글처럼 이 영화를 보면 나에게 저주하는 영화라 감독 죽이고싶네",2
더 드라이버,마크 형 이럼 안돼,3
헤어질 결심,내가 그렇게 나쁩니까.,10
토르: 러브 앤 썬더,아 진짜 너무하잖아요 토르형..,3
마녀(魔女) Part2. The Other One,시바시바 하다가 끝나네?중2병 걸리셨어요?아니 아무리 생각해봐도 모든 대사를 시바시바 하는게 이해가 안되네요. 중고딩 연령층 한정 영화인가요?아니면 감독 감성이 중고딩인가요? 보고 있자니 욕 나오는 영화는 진짜 간만이네요.,4
헤어질 결심,"이해이자 오해이고, 의심이자 확신이다. 안개같은 감정들을 담아내는 눈을 통해 번역되는 사랑",10
킬링 소프틀리,"사회는 비지니스, 닥쳐라 정치",7
탑건: 매버릭,진짜 ㅋㅋㅋㅋ 재밌게 봤다고 생각했던 범죄도시2도 평점은 안 줬는데 탑건은 줘야겠음…,10
어썰트 33,뭐냐?이 개망작은?,5
모비우스,스파이더맨영화와 연관없이 개별적인 영화로알고봄. 그래서인지 재밌게보았음,8
역린,오 저는 영화 너무 세련되게 잘 만든 것 같아요. 재밌었습니다! 잘 봤어요,10
어부바,"아역들 연기력 너무 떨어지고, 연기하는 스타일도 진부하고...연기하는 수준이 무슨 어렸을때 학예회 연극 보는줄 알았네. 넷플릭스로 한 15~20분 보다가 시간 아까워서 껐음.",2
연애 빠진 로맨스,유쾌하게 잘봤습니다.,10
코만도,미키 형...지못미,5
탑건: 매버릭,제발 보세요. 극장에서 안보면 평생 후회합니다. 제발!!!,10
내가 사랑했던 모든 남자들에게: 언제나 그리고 영원히,"시즌 1,2,3를 보면서 중간중간에 설렘을 느낄 수 있어서 좋았다+_+ 나도 케빈같은 남자친구가 얼른 생겼으면 좋겠다 ㅎ",8
탑건: 매버릭,용산 4dx 프라임 2회차 아주 만족,8
더 킬러: 죽어도 되는 아이,재밌다! 나이들어서 중후한 남성미를 보는 장혁을 보고싶다면 꼭 봐라 액션도 시원시원 연기도 시원시원,10
탑건: 매버릭,한마디로 재밌음. 음향소리 평소 안따지지만 이건 돌비관 강추. 전형적인 미국영화여서 9점 줌. 한명 정돈 죽을만한데 아무도 안죽네...끝에 하나 고장나는 스토리도 딱 미국영화~~~ㅋㅋ,9
탑건: 매버릭,톰크루즈 가아니면 이 영화 누가 하리라,10
포레스트 검프,한마디로 이 영화 안본 사람이랑은 대화하기 싫어질 정도인 작품,10
헤어질 결심,재밌고…. 감동적이고……. 그냥 좋아요,10
그대가 조국,뇌수 터지지 않고는 보기 힘든 시대 역행작,1
탑건: 매버릭,탑건을 중학교때 보고 쉰의 나이에 속편을 봤다. 이 영화는 중년남성의 로망을 그려낸 영화 중 최고다.,10
탑건: 매버릭,아~~~몰입도가 엄지척이요~,10
마녀(魔女) Part2. The Other One,초반 도입부가 재미가 떨어지지만 그래도 재미는 있다 3편이 기대된다. 결론은 1편의 재미가 쏠쏠 2편은 좀 약하지만 재밌다 3편이 매우 기대된다,10
워터월드,어릴적에 중화동 동부시장 극장에서 봤었는데 그 당시 망한 영화라고 했었지만 시대를 조금 앞섰던 영화같았다,10
쥬라기 월드: 도미니언,연출이랑 스토리가 왜이래?,6
헤어질 결심,장르는 로맨스가 아니라 박찬욱.,10
커뮤터,기대안했는데 스릴있고 잼나네요 ㅎ,8
탑건: 매버릭,JUST DO IT !!,10
극장판 귀멸의 칼날: 무한열차편,근래 본 애니중 최고였음,10
탑건: 매버릭,"미쳣나봐요 평점 처음 남겨보는데, 와 꼭보세요!!!",10
탑건: 매버릭,"미쳣나봐요 평점 처음 남겨보는데, 와 꼭보세요!!!",10
마녀(魔女) Part2. The Other One,평점이 낮아서 기대없이 봤는데~ 왜 평점이 낮지 하는 의문이 드네요. 영상 스토리 연기 좋았어요. 감독님 이름을 다시 봤다는~재밌있어요. 전 주변에 추천할만큼 볼만 했어요. 굿!!,10
헤어질 결심,제작사 이름도 심지어 모호 필름ㅋㅋㅋ,10
탑건: 매버릭,불가능에서 보여주는 팀워크속 의리 높은완성도에서 오는 전율 탑건은 남자의 영화 그자체,10
뒤틀린 집,이게 2022년에 나온 영화라니 믿기지가 않는다,1
토르: 러브 앤 썬더,3가 잘나와서 그런지 4는 그냥저냥 이였던것 같음오리지널 마블캐릭터인데도 평점안좋은거 보고 걱정했는데 그래도 나름 재밌네요,8
브로커,보면서 일본느낌이 많이난다 싶었는데 감독이 일본사람이였군요~ 일본에서 보던 가족을 모티브로 한 영화와 느낌이 많이 닮아있어요. 노래도 그렇고.... 한국적인 느낌의 영화가 아니라서 좀.. 뭐라그럴까.. 나쁘진않았지만 한국적으로 풀어내었으면 더 특징있었겠다 싶네요. 별 특징이 없는 영화느낌.. 잔잔하고 영상이나 색감도 그렇고 정말 일본풍..,8
마녀(魔女) Part2. The Other One,재밌게 잘봤음 3편을 위한 도약,10
헤어질 결심,그의 세계가 완벽에 다다르는 방법,10
탑건: 매버릭,정말 재밌게 봤어요계속 생각나네요,10
마녀(魔女) Part2. The Other One,3편이 나올지 여운을 남기고 끝나네요! 좋은데요~,10
명탐정 코난: 할로윈의 신부,하.. 도입부부터 눈을 떼지 못 하고 입 벌리고 봄 보는 내내 너무 재밌고 행복했습니다 코난 극장판 영화관에서 봐야하는거 절대 못 참아 절대 못 잃어!,10
마녀(魔女) Part2. The Other One,재미 없다는 애들이 이상하다 마녀의 세계관+ 액션은 최고다♡♡♡,10
탑건: 매버릭,영화보는 내내 내가 비행기를 직접 타는것 같았고 비행기 조종하는 장면이 나올 때 마다 소름이 돋았다,10
엑스맨: 다크 피닉스,레이븐과 진을 이렇게 보내나;;,5
탑건: 매버릭,안 본 사람 없게 해주세요 ㅠㅠ,10
마녀(魔女) Part2. The Other One,기대 안했는데 재미있네요. 3편이 기대됩니다.,10
탑건: 매버릭,오프닝부터 엔딩까지 완벽했다,10
마녀(魔女) Part2. The Other One,상해  얘들 연기력 정말 영화 망침,4
탑건: 매버릭,걍 지림 .. 꼭 보세요 ㅋㅋㅋ,10
마녀(魔女) Part2. The Other One,저는 재미있었습니다.,10
마녀(魔女) Part2. The Other One,재미나던데?,8
마녀(魔女) Part2. The Other One,마녀1을 넘잼있게봐서 2에기대가 넘컸는지 기대보단 못 미쳤지만...잼있었습니다~~ㅎㅎ한국판 마블이될수도 있을것같아요~~,10
